active_export_low_tariff_Wh,active_export_normal_tariff_Wh,active_import_low_tariff_Wh,active_import_normal_tariff_Wh,applicationID,current_L1_A,current_L2_A,current_L3_A,devEUI,deviceName,gas_meter_volume_L,message_format,meter_timestamp,total_active_export_power_W,total_active_import_power_W,voltage_L1_V,voltage_L2_V,voltage_L3_V
779308,1657696,866873,782256,9,8,7,7,70b3d5d72ffcc19f,LHi110,0,7,2025-05-30T14:50:00.000Z,4729,0,231.25,230.25,230
779308,1658461,866873,782256,9,8,7,7,70b3d5d72ffcc19f,LHi110,0,7,2025-05-30T15:00:00.000Z,4584,0,231.5,230.5,230.25
779308,1659275,866873,782256,9,8,7,7,70b3d5d72ffcc19f,LHi110,0,7,2025-05-30T15:10:00.000Z,4886,0,230.25,229,229
779308,1660063,866873,782256,9,8,6,6,70b3d5d72ffcc19f,LHi110,0,7,2025-05-30T15:20:00.000Z,4727,0,230.25,229,228.75
779308,1662308,866873,782256,9,7,6,6,70b3d5d72ffcc19f,LHi110,0,7,2025-05-30T15:50:00.000Z,4419,0,230.5,228.75,229.25
779308,1662308,866873,782256,9,7,6,6,70b3d5d72ffcc19f,LHi110,0,7,2025-05-30T15:50:00.000Z,4419,0,230.5,228.75,229.25
779308,1663049,866873,782256,9,7,6,6,70b3d5d72ffcc19f,LHi110,0,7,2025-05-30T16:00:00.000Z,4443,0,230.75,229.5,229.25
779308,1664476,866873,782256,9,6,5,6,70b3d5d72ffcc19f,LHi110,0,7,2025-05-30T16:20:00.000Z,4217,0,231,229.75,229.75
779308,1665157,866873,782256,9,6,5,5,70b3d5d72ffcc19f,LHi110,0,7,2025-05-30T16:30:00.000Z,4085,0,230.5,229.5,229.25
779308,1665828,866873,782256,9,6,5,5,70b3d5d72ffcc19f,LHi110,0,7,2025-05-30T16:40:00.000Z,4026,0,230.5,229.5,229.25
779308,1666479,866873,782256,9,6,5,5,70b3d5d72ffcc19f,LHi110,0,7,2025-05-30T16:50:00.000Z,3908,0,231,229.75,229.5
779308,1667112,866873,782256,9,6,5,5,70b3d5d72ffcc19f,LHi110,0,7,2025-05-30T17:00:00.000Z,3792,0,231.75,230.75,230.75
779308,1667723,866873,782256,9,5,4,5,70b3d5d72ffcc19f,LHi110,0,7,2025-05-30T17:10:00.000Z,3670,0,231.5,230.25,230.5
779308,1668223,866873,782256,9,5,4,5,70b3d5d72ffcc19f,LHi110,0,7,2025-05-30T17:20:00.000Z,2998,0,230.5,229.75,230
779308,1668794,866873,782256,9,5,4,5,70b3d5d72ffcc19f,LHi110,0,7,2025-05-30T17:30:00.000Z,3423,0,231.25,230,230.5
779308,1669338,866873,782256,9,5,4,4,70b3d5d72ffcc19f,LHi110,0,7,2025-05-30T17:40:00.000Z,3265,0,231.5,230.5,230.75
779308,1669859,866873,782256,9,5,4,4,70b3d5d72ffcc19f,LHi110,0,7,2025-05-30T17:50:00.000Z,3125,0,231.5,230.5,231
779308,1670351,866873,782256,9,4,4,4,70b3d5d72ffcc19f,LHi110,0,7,2025-05-30T18:00:00.000Z,2952,0,232.75,231.75,232.25
779308,1671267,866873,782256,9,4,3,4,70b3d5d72ffcc19f,LHi110,0,7,2025-05-30T18:20:00.000Z,2685,0,233.25,232.25,232.5
779308,1671612,866873,782258,9,4,7,3,70b3d5d72ffcc19f,LHi110,0,7,2025-05-30T18:30:00.000Z,2064,9,233.75,232.75,233.25
779308,1671990,866873,782258,9,3,3,3,70b3d5d72ffcc19f,LHi110,0,7,2025-05-30T18:40:00.000Z,2269,0,234,232.75,233.25
779308,1672328,866873,782258,9,3,2,3,70b3d5d72ffcc19f,LHi110,0,7,2025-05-30T18:50:00.000Z,2026,0,235.25,234,234.75
779308,1672941,866873,782258,9,3,2,2,70b3d5d72ffcc19f,LHi110,0,7,2025-05-30T19:10:00.000Z,1844,0,237,235.5,236.25
779308,1673185,866873,782258,9,3,2,2,70b3d5d72ffcc19f,LHi110,0,7,2025-05-30T19:20:00.000Z,1461,0,236.25,235,235.75
779308,1673316,866873,782258,9,3,1,1,70b3d5d72ffcc19f,LHi110,0,7,2025-05-30T19:30:00.000Z,788,0,237.25,236,236.75
779308,1673464,866873,782258,9,1,1,1,70b3d5d72ffcc19f,LHi110,0,7,2025-05-30T19:40:00.000Z,889,0,237,236,236.5
779308,1673587,866873,782258,9,1,1,1,70b3d5d72ffcc19f,LHi110,0,7,2025-05-30T19:50:00.000Z,735,0,237.25,236.25,237
779308,1673663,866873,782258,9,1,1,1,70b3d5d72ffcc19f,LHi110,0,7,2025-05-30T20:00:00.000Z,455,0,237.25,236.25,237
779308,1673727,866873,782258,9,1,1,1,70b3d5d72ffcc19f,LHi110,0,7,2025-05-30T20:10:00.000Z,385,0,238.25,237.75,238
779308,1673727,866873,782258,9,1,1,1,70b3d5d72ffcc19f,LHi110,0,7,2025-05-30T20:10:00.000Z,385,0,238.25,237.75,238
779308,1673780,866873,782258,9,4,0,1,70b3d5d72ffcc19f,LHi110,0,7,2025-05-30T20:20:00.000Z,317,1,240.75,240,240.5
779308,1673994,866873,782258,9,1,1,1,70b3d5d72ffcc19f,LHi110,0,7,2025-05-30T20:50:00.000Z,391,0,241.75,241,241.5
779308,1674039,866873,782258,9,4,1,1,70b3d5d72ffcc19f,LHi110,0,7,2025-05-30T21:00:00.000Z,264,2,241.75,240.75,241.25
779308,1674054,866873,782259,9,1,1,0,70b3d5d72ffcc19f,LHi110,0,7,2025-05-30T21:10:00.000Z,90,4,241.25,240.5,240.75
779308,1674058,866873,782269,9,1,0,0,70b3d5d72ffcc19f,LHi110,0,7,2025-05-30T21:30:00.000Z,7,26,240.75,239.75,240.5
779308,1674058,866873,782285,9,1,0,0,70b3d5d72ffcc19f,LHi110,0,7,2025-05-30T21:40:00.000Z,0,97,240.5,239.5,240.25
779308,1674058,866873,782308,9,2,0,0,70b3d5d72ffcc19f,LHi110,0,7,2025-05-30T21:50:00.000Z,0,137,240,239,239.75
779308,1674058,866873,782405,9,1,9,0,70b3d5d72ffcc19f,LHi110,0,7,2025-05-30T22:10:00.000Z,0,442,239,238,239
779308,1674058,866873,782427,9,1,0,0,70b3d5d72ffcc19f,LHi110,0,7,2025-05-30T22:20:00.000Z,0,128,239,238,239.25
779308,1674058,866873,782477,9,1,0,0,70b3d5d72ffcc19f,LHi110,0,7,2025-05-30T22:40:00.000Z,0,168,239.5,238.5,239.75
779308,1674058,866873,782499,9,1,0,0,70b3d5d72ffcc19f,LHi110,0,7,2025-05-30T22:50:00.000Z,0,133,240.25,239.5,240.5
779308,1674058,866873,782521,9,1,0,0,70b3d5d72ffcc19f,LHi110,0,7,2025-05-30T23:00:00.000Z,0,135,240,239.5,240.25
779308,1674058,866983,782521,9,9,0,0,70b3d5d72ffcc19f,LHi110,0,7,2025-05-30T23:10:00.000Z,0,655,237.25,236.75,237.5
779308,1674058,867034,782521,9,1,0,0,70b3d5d72ffcc19f,LHi110,0,7,2025-05-30T23:30:00.000Z,0,153,237.75,236.75,237.75
779308,1674058,867056,782521,9,1,0,0,70b3d5d72ffcc19f,LHi110,0,7,2025-05-30T23:40:00.000Z,0,133,238.25,237.25,238.25
779308,1674058,867130,782521,9,5,0,0,70b3d5d72ffcc19f,LHi110,0,7,2025-05-31T00:10:00.000Z,0,173,239,238.5,239
779308,1674058,867152,782521,9,1,0,0,70b3d5d72ffcc19f,LHi110,0,7,2025-05-31T00:20:00.000Z,0,134,239.5,239,239.5
779308,1674058,867197,782521,9,1,0,0,70b3d5d72ffcc19f,LHi110,0,7,2025-05-31T00:40:00.000Z,0,134,240,239.75,240
779308,1674058,867221,782521,9,4,0,0,70b3d5d72ffcc19f,LHi110,0,7,2025-05-31T00:50:00.000Z,0,143,240,239.75,240
779308,1674058,867248,782521,9,1,0,0,70b3d5d72ffcc19f,LHi110,0,7,2025-05-31T01:00:00.000Z,0,166,239.75,239.5,240
779308,1674058,867248,782521,9,1,0,0,70b3d5d72ffcc19f,LHi110,0,7,2025-05-31T01:00:00.000Z,0,166,239.75,239.5,240
779308,1674058,867271,782521,9,1,0,0,70b3d5d72ffcc19f,LHi110,0,7,2025-05-31T01:10:00.000Z,0,134,239.25,238.75,239.25
779308,1674058,867293,782521,9,1,0,0,70b3d5d72ffcc19f,LHi110,0,7,2025-05-31T01:20:00.000Z,0,134,239.5,239,239.5
779308,1674058,867344,782521,9,4,0,0,70b3d5d72ffcc19f,LHi110,0,7,2025-05-31T01:40:00.000Z,0,168,239.75,239.5,239.75
779308,1674058,867367,782521,9,1,0,0,70b3d5d72ffcc19f,LHi110,0,7,2025-05-31T01:50:00.000Z,0,139,239.75,239.5,239.75
779308,1674058,867444,782521,9,1,9,0,70b3d5d72ffcc19f,LHi110,0,7,2025-05-31T02:00:00.000Z,0,462,240.25,239.75,240.25
779308,1674058,867518,782521,9,4,0,0,70b3d5d72ffcc19f,LHi110,0,7,2025-05-31T02:30:00.000Z,0,173,236.75,236.5,236.75
779308,1674058,867540,782521,9,1,0,0,70b3d5d72ffcc19f,LHi110,0,7,2025-05-31T02:40:00.000Z,0,133,237.75,237.25,237.75
779308,1674058,867612,782521,9,3,0,0,70b3d5d72ffcc19f,LHi110,0,7,2025-05-31T03:10:00.000Z,0,163,238,237.75,238
779308,1674058,867636,782521,9,1,0,0,70b3d5d72ffcc19f,LHi110,0,7,2025-05-31T03:20:00.000Z,0,144,238,237.75,238
779308,1674058,867658,782521,9,1,0,0,70b3d5d72ffcc19f,LHi110,0,7,2025-05-31T03:30:00.000Z,0,133,238,238,238
779308,1674058,867681,782521,9,1,0,0,70b3d5d72ffcc19f,LHi110,0,7,2025-05-31T03:40:00.000Z,0,133,238,238,238.25
779308,1674058,867703,782521,9,1,0,0,70b3d5d72ffcc19f,LHi110,0,7,2025-05-31T03:50:00.000Z,0,134,239,238.75,239
779308,1674058,867732,782521,9,1,0,0,70b3d5d72ffcc19f,LHi110,0,7,2025-05-31T04:00:00.000Z,0,173,239.25,239.25,239.25
779308,1674058,867777,782521,9,1,0,0,70b3d5d72ffcc19f,LHi110,0,7,2025-05-31T04:20:00.000Z,0,134,239.75,239.75,239.75
779308,1674058,867799,782521,9,1,0,0,70b3d5d72ffcc19f,LHi110,0,7,2025-05-31T04:30:00.000Z,0,134,239.5,239.5,239.5
779308,1674058,867824,782521,9,2,0,0,70b3d5d72ffcc19f,LHi110,0,7,2025-05-31T04:40:00.000Z,0,151,239,239,239
779308,1674058,867981,782521,9,9,0,0,70b3d5d72ffcc19f,LHi110,0,7,2025-05-31T05:10:00.000Z,0,656,239.25,239.25,239.5
779308,1674058,868003,782521,9,1,0,0,70b3d5d72ffcc19f,LHi110,0,7,2025-05-31T05:20:00.000Z,0,129,239.25,239,239.25
779308,1674058,868111,782521,9,1,9,0,70b3d5d72ffcc19f,LHi110,0,7,2025-05-31T05:50:00.000Z,0,359,239.5,239.5,239.75
779308,1674058,868116,782521,9,1,0,0,70b3d5d72ffcc19f,LHi110,0,7,2025-05-31T06:00:00.000Z,0,28,240.25,240,240.25
779308,1674058,868116,782521,9,1,0,0,70b3d5d72ffcc19f,LHi110,0,7,2025-05-31T06:00:00.000Z,0,28,240.25,240,240.25
779309,1674058,868118,782521,9,2,0,0,70b3d5d72ffcc19f,LHi110,0,7,2025-05-31T06:10:00.000Z,3,12,240.5,240.25,240.5
779321,1674058,868118,782521,9,1,0,0,70b3d5d72ffcc19f,LHi110,0,7,2025-05-31T06:20:00.000Z,72,3,238.75,238.75,239
779343,1674058,868118,782521,9,1,0,0,70b3d5d72ffcc19f,LHi110,0,7,2025-05-31T06:30:00.000Z,131,0,238.75,238.5,238.75
779378,1674058,868118,782521,9,1,0,0,70b3d5d72ffcc19f,LHi110,0,7,2025-05-31T06:40:00.000Z,209,0,238.5,238.25,238.5
779419,1674058,868118,782521,9,1,1,0,70b3d5d72ffcc19f,LHi110,0,7,2025-05-31T06:50:00.000Z,249,0,238.5,238,238.25
779561,1674058,868118,782521,9,1,1,1,70b3d5d72ffcc19f,LHi110,0,7,2025-05-31T07:10:00.000Z,527,0,237,236.5,237
779646,1674058,868118,782521,9,1,1,1,70b3d5d72ffcc19f,LHi110,0,7,2025-05-31T07:20:00.000Z,511,0,236.25,235.75,236.5
779979,1674058,868118,782521,9,2,2,1,70b3d5d72ffcc19f,LHi110,0,7,2025-05-31T07:40:00.000Z,1239,0,236,235.25,236
780145,1674058,868118,782521,9,2,2,1,70b3d5d72ffcc19f,LHi110,0,7,2025-05-31T07:50:00.000Z,995,0,235.25,234.5,235.25
780269,1674058,868118,782521,9,1,1,1,70b3d5d72ffcc19f,LHi110,0,7,2025-05-31T08:00:00.000Z,744,0,235,234,235.25
780523,1674058,868118,782521,9,3,3,2,70b3d5d72ffcc19f,LHi110,0,7,2025-05-31T08:10:00.000Z,1523,0,234.75,234,235
781172,1674058,868118,782521,9,4,3,3,70b3d5d72ffcc19f,LHi110,0,7,2025-05-31T08:30:00.000Z,2250,0,236.75,235.75,236.25
781632,1674058,868118,782521,9,5,4,3,70b3d5d72ffcc19f,LHi110,0,7,2025-05-31T08:40:00.000Z,2760,0,236.25,235.25,235.75
782400,1674058,868118,782521,9,3,3,3,70b3d5d72ffcc19f,LHi110,0,7,2025-05-31T09:00:00.000Z,2109,0,233.5,233,233.25
782787,1674058,868118,782521,9,4,3,3,70b3d5d72ffcc19f,LHi110,0,7,2025-05-31T09:10:00.000Z,2324,0,234.25,233.75,234.25
783153,1674058,868118,782521,9,4,5,3,70b3d5d72ffcc19f,LHi110,0,7,2025-05-31T09:20:00.000Z,2193,0,235.5,234.75,235.5
783635,1674058,868118,782521,9,5,4,4,70b3d5d72ffcc19f,LHi110,0,7,2025-05-31T09:30:00.000Z,2894,0,235,234.25,234.75
784526,1674058,868118,782521,9,5,5,4,70b3d5d72ffcc19f,LHi110,0,7,2025-05-31T09:50:00.000Z,2963,0,233.75,233,233.5
785008,1674058,868118,782521,9,5,4,4,70b3d5d72ffcc19f,LHi110,0,7,2025-05-31T10:00:00.000Z,2894,0,232.25,231.25,231.75
785474,1674058,868118,782521,9,5,5,4,70b3d5d72ffcc19f,LHi110,0,7,2025-05-31T10:10:00.000Z,2794,0,232.25,231.5,232
785980,1674058,868118,782521,9,5,5,4,70b3d5d72ffcc19f,LHi110,0,7,2025-05-31T10:20:00.000Z,3040,0,233.25,232.5,232.75
785980,1674058,868118,782521,9,5,5,4,70b3d5d72ffcc19f,LHi110,0,7,2025-05-31T10:20:00.000Z,3040,0,233.25,232.5,232.75
786590,1674058,868118,782521,9,6,5,5,70b3d5d72ffcc19f,LHi110,0,7,2025-05-31T10:30:00.000Z,3653,0,232.5,231.5,231.75
787089,1674058,868118,782521,9,5,4,4,70b3d5d72ffcc19f,LHi110,0,7,2025-05-31T10:40:00.000Z,2994,0,230.75,229.75,230.25
788666,1674058,868118,782521,9,5,5,4,70b3d5d72ffcc19f,LHi110,0,7,2025-05-31T11:10:00.000Z,2361,0,231.25,230.5,230.75
789175,1674058,868118,782521,9,5,4,4,70b3d5d72ffcc19f,LHi110,0,7,2025-05-31T11:20:00.000Z,3057,0,232.5,231.5,231.75
790328,1674058,868118,782521,9,5,4,4,70b3d5d72ffcc19f,LHi110,0,7,2025-05-31T11:50:00.000Z,2528,0,235.5,234.5,234.75
790998,1674058,868118,782521,9,7,6,6,70b3d5d72ffcc19f,LHi110,0,7,2025-05-31T12:00:00.000Z,4019,0,233.25,232.25,232.25
791658,1674058,868118,782521,9,7,6,6,70b3d5d72ffcc19f,LHi110,0,7,2025-05-31T12:10:00.000Z,3960,0,233.5,232.25,232.5
792966,1674058,868118,782521,9,6,6,5,70b3d5d72ffcc19f,LHi110,0,7,2025-05-31T12:30:00.000Z,3733,0,232.25,231,231.25
793557,1674058,868118,782521,9,6,5,5,70b3d5d72ffcc19f,LHi110,0,7,2025-05-31T12:40:00.000Z,3550,0,232,231,231
794247,1674058,868118,782521,9,7,6,6,70b3d5d72ffcc19f,LHi110,0,7,2025-05-31T12:50:00.000Z,4140,0,231,229.75,229.75
794849,1674058,868118,782521,9,7,6,6,70b3d5d72ffcc19f,LHi110,0,7,2025-05-31T13:00:00.000Z,3612,0,230.75,229.5,229.5
795427,1674058,868118,782521,9,7,6,5,70b3d5d72ffcc19f,LHi110,0,7,2025-05-31T13:10:00.000Z,3462,0,231.25,230.25,230
796246,1674058,868118,782521,9,8,7,7,70b3d5d72ffcc19f,LHi110,0,7,2025-05-31T13:20:00.000Z,4922,0,231.75,230.75,230.25
797089,1674058,868118,782521,9,8,7,7,70b3d5d72ffcc19f,LHi110,0,7,2025-05-31T13:30:00.000Z,5057,0,230.75,229.75,229
797880,1674058,868118,782521,9,8,7,7,70b3d5d72ffcc19f,LHi110,0,7,2025-05-31T13:40:00.000Z,4745,0,231.25,230,229.5
798699,1674058,868118,782521,9,8,7,7,70b3d5d72ffcc19f,LHi110,0,7,2025-05-31T13:50:00.000Z,4912,0,231.5,230,229.75
799504,1674058,868118,782521,9,8,7,7,70b3d5d72ffcc19f,LHi110,0,7,2025-05-31T14:00:00.000Z,4832,0,230.75,229.5,229.25
800288,1674058,868118,782521,9,8,7,7,70b3d5d72ffcc19f,LHi110,0,7,2025-05-31T14:10:00.000Z,4701,0,230.5,229.25,228.75
801019,1674058,868118,782521,9,8,7,7,70b3d5d72ffcc19f,LHi110,0,7,2025-05-31T14:20:00.000Z,4386,0,230.25,229.25,228.75
801720,1674058,868118,782521,9,8,7,7,70b3d5d72ffcc19f,LHi110,0,7,2025-05-31T14:30:00.000Z,4204,0,230.75,229.5,229
802513,1674058,868118,782521,9,8,6,7,70b3d5d72ffcc19f,LHi110,0,7,2025-05-31T14:40:00.000Z,4760,0,231.25,230,229.5
802513,1674058,868118,782521,9,8,6,7,70b3d5d72ffcc19f,LHi110,0,7,2025-05-31T14:40:00.000Z,4760,0,231.25,230,229.5
803313,1674058,868118,782521,9,7,6,6,70b3d5d72ffcc19f,LHi110,0,7,2025-05-31T14:50:00.000Z,4800,0,231,230,229.5
804104,1674058,868118,782521,9,8,6,7,70b3d5d72ffcc19f,LHi110,0,7,2025-05-31T15:00:00.000Z,4740,0,231.5,230.5,230
805543,1674058,868118,782521,9,8,7,7,70b3d5d72ffcc19f,LHi110,0,7,2025-05-31T15:20:00.000Z,3917,0,231,230,229.75
806212,1674058,868118,782521,9,8,6,7,70b3d5d72ffcc19f,LHi110,0,7,2025-05-31T15:30:00.000Z,4011,0,231.25,230.25,230
806859,1674058,868118,782521,9,7,6,6,70b3d5d72ffcc19f,LHi110,0,7,2025-05-31T15:40:00.000Z,3885,0,231,230.25,230
808206,1674058,868118,782521,9,6,5,5,70b3d5d72ffcc19f,LHi110,0,7,2025-05-31T16:00:00.000Z,3971,0,231.5,230.25,230.5
808856,1674058,868118,782521,9,6,5,5,70b3d5d72ffcc19f,LHi110,0,7,2025-05-31T16:10:00.000Z,3898,0,231.75,230.5,230.5
809484,1674058,868118,782521,9,6,5,5,70b3d5d72ffcc19f,LHi110,0,7,2025-05-31T16:20:00.000Z,3771,0,230.75,229.5,229.75
810047,1674058,868118,782521,9,5,4,5,70b3d5d72ffcc19f,LHi110,0,7,2025-05-31T16:30:00.000Z,3376,0,230.25,229,229
810647,1674058,868118,782521,9,5,5,5,70b3d5d72ffcc19f,LHi110,0,7,2025-05-31T16:40:00.000Z,3602,0,230.25,229.25,229.25
811224,1674058,868118,782521,9,5,4,4,70b3d5d72ffcc19f,LHi110,0,7,2025-05-31T16:50:00.000Z,3456,0,230.5,229.5,229.75
811782,1674058,868118,782521,9,5,4,4,70b3d5d72ffcc19f,LHi110,0,7,2025-05-31T17:00:00.000Z,3348,0,231.25,230.5,230.75
812232,1674058,868118,782521,9,5,4,4,70b3d5d72ffcc19f,LHi110,0,7,2025-05-31T17:10:00.000Z,2702,0,231.75,231,231
813271,1674058,868118,782521,9,5,4,4,70b3d5d72ffcc19f,LHi110,0,7,2025-05-31T17:30:00.000Z,3085,0,231,230.25,230.5
813793,1674058,868118,782521,9,5,4,4,70b3d5d72ffcc19f,LHi110,0,7,2025-05-31T17:40:00.000Z,3131,0,231.25,230.5,230.5
814332,1674058,868118,782521,9,5,4,4,70b3d5d72ffcc19f,LHi110,0,7,2025-05-31T17:50:00.000Z,3234,0,231.5,230.75,230.75
814808,1674058,868118,782521,9,5,4,5,70b3d5d72ffcc19f,LHi110,0,7,2025-05-31T18:00:00.000Z,2857,0,232.5,231.75,231.75
815303,1674058,868118,782521,9,5,4,5,70b3d5d72ffcc19f,LHi110,0,7,2025-05-31T18:10:00.000Z,2964,0,234.75,234.25,234.25
815712,1674058,868118,782521,9,4,3,3,70b3d5d72ffcc19f,LHi110,0,7,2025-05-31T18:20:00.000Z,2457,0,234.25,233.75,233.75
816111,1674058,868118,782521,9,3,3,3,70b3d5d72ffcc19f,LHi110,0,7,2025-05-31T18:30:00.000Z,2392,0,234.25,233.75,233.75
816488,1674058,868118,782521,9,3,3,3,70b3d5d72ffcc19f,LHi110,0,7,2025-05-31T18:40:00.000Z,2265,0,234.75,234.25,234
816488,1674058,868118,782521,9,3,3,3,70b3d5d72ffcc19f,LHi110,0,7,2025-05-31T18:40:00.000Z,2265,0,234.75,234.25,234
816834,1674058,868118,782521,9,3,2,3,70b3d5d72ffcc19f,LHi110,0,7,2025-05-31T18:50:00.000Z,2075,0,235.75,235,235.25
817098,1674058,868118,782521,9,3,2,3,70b3d5d72ffcc19f,LHi110,0,7,2025-05-31T19:00:00.000Z,1578,0,237,236.25,236.5
817404,1674058,868118,782521,9,3,2,3,70b3d5d72ffcc19f,LHi110,0,7,2025-05-31T19:10:00.000Z,1837,0,238,237.25,237.5
817602,1674058,868118,782521,9,3,2,3,70b3d5d72ffcc19f,LHi110,0,7,2025-05-31T19:20:00.000Z,1188,0,236.75,236.25,236.5
817789,1674058,868118,782521,9,2,1,2,70b3d5d72ffcc19f,LHi110,0,7,2025-05-31T19:30:00.000Z,1119,0,239,238.5,238.75
817930,1674058,868118,782521,9,2,1,1,70b3d5d72ffcc19f,LHi110,0,7,2025-05-31T19:40:00.000Z,848,0,240,239.5,239.75
818085,1674058,868119,782521,9,3,1,1,70b3d5d72ffcc19f,LHi110,0,7,2025-05-31T19:50:00.000Z,930,0,240.5,239.75,240
818179,1674058,868152,782521,9,1,8,1,70b3d5d72ffcc19f,LHi110,0,7,2025-05-31T20:00:00.000Z,563,200,239.5,239,239.5
818267,1674058,868152,782521,9,1,1,1,70b3d5d72ffcc19f,LHi110,0,7,2025-05-31T20:10:00.000Z,529,0,239.5,239,239.5
818330,1674058,868152,782521,9,1,1,1,70b3d5d72ffcc19f,LHi110,0,7,2025-05-31T20:20:00.000Z,378,0,238.5,238,238.5
818376,1674058,868152,782521,9,3,0,0,70b3d5d72ffcc19f,LHi110,0,7,2025-05-31T20:40:00.000Z,65,1,238,237.75,238.5
818380,1674058,868152,782521,9,1,0,0,70b3d5d72ffcc19f,LHi110,0,7,2025-05-31T20:50:00.000Z,22,2,238.25,237.75,238.75
818380,1674058,868162,782521,9,1,0,0,70b3d5d72ffcc19f,LHi110,0,7,2025-05-31T21:00:00.000Z,0,56,238,237.5,238.25
818380,1674058,868189,782521,9,1,0,0,70b3d5d72ffcc19f,LHi110,0,7,2025-05-31T21:20:00.000Z,0,94,237.75,237,238
818380,1674058,868213,782521,9,1,0,0,70b3d5d72ffcc19f,LHi110,0,7,2025-05-31T21:30:00.000Z,0,142,237.5,236.75,237.75
818380,1674058,868232,782521,9,1,0,0,70b3d5d72ffcc19f,LHi110,0,7,2025-05-31T21:40:00.000Z,0,115,237.5,236.5,237.75
818380,1674058,868253,782521,9,1,0,0,70b3d5d72ffcc19f,LHi110,0,7,2025-05-31T21:50:00.000Z,0,125,237,236.25,237.25
818380,1674058,868274,782521,9,1,0,0,70b3d5d72ffcc19f,LHi110,0,7,2025-05-31T22:00:00.000Z,0,127,236.25,235.75,236.75
818380,1674058,868300,782521,9,3,0,0,70b3d5d72ffcc19f,LHi110,0,7,2025-05-31T22:10:00.000Z,0,153,237.75,237.25,238
818380,1674058,868324,782521,9,1,0,0,70b3d5d72ffcc19f,LHi110,0,7,2025-05-31T22:20:00.000Z,0,143,238.5,237.75,239
818380,1674058,868346,782521,9,1,0,0,70b3d5d72ffcc19f,LHi110,0,7,2025-05-31T22:30:00.000Z,0,132,239,238.5,239.5
818380,1674058,868368,782521,9,1,0,0,70b3d5d72ffcc19f,LHi110,0,7,2025-05-31T22:40:00.000Z,0,133,239.5,238.75,239.75
818380,1674058,868368,782521,9,1,0,0,70b3d5d72ffcc19f,LHi110,0,7,2025-05-31T22:40:00.000Z,0,133,239.5,238.75,239.75
818380,1674058,868390,782521,9,1,0,0,70b3d5d72ffcc19f,LHi110,0,7,2025-05-31T22:50:00.000Z,0,133,239.75,239,240
818380,1674058,868419,782521,9,5,0,0,70b3d5d72ffcc19f,LHi110,0,7,2025-05-31T23:00:00.000Z,0,172,239.75,239.25,240.25
818380,1674058,868552,782521,9,9,0,0,70b3d5d72ffcc19f,LHi110,0,7,2025-05-31T23:20:00.000Z,0,662,240.25,239.5,240.5
818380,1674058,868574,782521,9,1,0,0,70b3d5d72ffcc19f,LHi110,0,7,2025-05-31T23:30:00.000Z,0,133,239.75,238.75,240
818380,1674058,868650,782521,9,4,9,0,70b3d5d72ffcc19f,LHi110,0,7,2025-05-31T23:40:00.000Z,0,455,239.5,238.75,239.75
818380,1674058,868719,782521,9,1,0,0,70b3d5d72ffcc19f,LHi110,0,7,2025-06-01T00:10:00.000Z,0,133,238.5,237.75,238.25
818380,1674058,868742,782521,9,1,0,0,70b3d5d72ffcc19f,LHi110,0,7,2025-06-01T00:20:00.000Z,0,133,238.75,238.25,238.75
818380,1674058,868771,782521,9,5,0,0,70b3d5d72ffcc19f,LHi110,0,7,2025-06-01T00:30:00.000Z,0,173,239.25,238.75,239.25
818380,1674058,868793,782521,9,1,0,0,70b3d5d72ffcc19f,LHi110,0,7,2025-06-01T00:40:00.000Z,0,134,240.5,240.25,240.75
818380,1674058,868815,782521,9,1,0,0,70b3d5d72ffcc19f,LHi110,0,7,2025-06-01T00:50:00.000Z,0,134,240.75,240.25,240.75
818380,1674058,868838,782521,9,1,0,0,70b3d5d72ffcc19f,LHi110,0,7,2025-06-01T01:00:00.000Z,0,133,240.75,240.5,241
818380,1674058,868866,782521,9,3,0,0,70b3d5d72ffcc19f,LHi110,0,7,2025-06-01T01:10:00.000Z,0,168,241.25,241,241.25
818380,1674058,868889,782521,9,1,0,0,70b3d5d72ffcc19f,LHi110,0,7,2025-06-01T01:20:00.000Z,0,138,240,239.5,240
818380,1674058,868911,782521,9,1,0,0,70b3d5d72ffcc19f,LHi110,0,7,2025-06-01T01:30:00.000Z,0,133,238.75,238.5,239
818380,1674058,868933,782521,9,1,0,0,70b3d5d72ffcc19f,LHi110,0,7,2025-06-01T01:40:00.000Z,0,133,239,238.75,239.25
818380,1674058,868984,782521,9,2,0,0,70b3d5d72ffcc19f,LHi110,0,7,2025-06-01T02:00:00.000Z,0,173,237.25,237,237.5
818380,1674058,869007,782521,9,1,0,0,70b3d5d72ffcc19f,LHi110,0,7,2025-06-01T02:10:00.000Z,0,132,237.5,237.5,237.5
818380,1674058,869029,782521,9,1,0,0,70b3d5d72ffcc19f,LHi110,0,7,2025-06-01T02:20:00.000Z,0,132,238,238,238
818380,1674058,869077,782521,9,3,0,0,70b3d5d72ffcc19f,LHi110,0,7,2025-06-01T02:40:00.000Z,0,156,235.75,235.75,236
818380,1674058,869102,782521,9,1,0,0,70b3d5d72ffcc19f,LHi110,0,7,2025-06-01T02:50:00.000Z,0,149,237.5,237.5,237.75
818380,1674058,869124,782521,9,1,0,0,70b3d5d72ffcc19f,LHi110,0,7,2025-06-01T03:00:00.000Z,0,133,237,237.25,237.25
818380,1674058,869124,782521,9,1,0,0,70b3d5d72ffcc19f,LHi110,0,7,2025-06-01T03:00:00.000Z,0,133,237,237.25,237.25
818380,1674058,869162,782521,9,1,9,0,70b3d5d72ffcc19f,LHi110,0,7,2025-06-01T03:10:00.000Z,0,233,236,236.25,236.25
818380,1674058,869218,782521,9,1,9,0,70b3d5d72ffcc19f,LHi110,0,7,2025-06-01T03:20:00.000Z,0,330,236.75,236.75,236.75
818380,1674058,869247,782521,9,2,0,0,70b3d5d72ffcc19f,LHi110,0,7,2025-06-01T03:30:00.000Z,0,172,237,237,237
818380,1674058,869269,782521,9,1,0,0,70b3d5d72ffcc19f,LHi110,0,7,2025-06-01T03:40:00.000Z,0,133,237,237,237
818380,1674058,869291,782521,9,1,0,0,70b3d5d72ffcc19f,LHi110,0,7,2025-06-01T03:50:00.000Z,0,134,237,237,237.25
818380,1674058,869314,782521,9,1,0,0,70b3d5d72ffcc19f,LHi110,0,7,2025-06-01T04:00:00.000Z,0,134,237.25,237.25,237.25
818380,1674058,869388,782521,9,1,0,0,70b3d5d72ffcc19f,LHi110,0,7,2025-06-01T04:30:00.000Z,0,134,237.75,238,237.75
818380,1674058,869410,782521,9,1,0,0,70b3d5d72ffcc19f,LHi110,0,7,2025-06-01T04:40:00.000Z,0,132,237.5,237.75,237.5
818380,1674058,869432,782521,9,1,0,0,70b3d5d72ffcc19f,LHi110,0,7,2025-06-01T04:50:00.000Z,0,131,237.75,237.75,237.5
818380,1674058,869482,782521,9,1,0,0,70b3d5d72ffcc19f,LHi110,0,7,2025-06-01T05:10:00.000Z,0,130,238.25,238.25,238.25
818380,1674058,869541,782521,9,9,0,0,70b3d5d72ffcc19f,LHi110,0,7,2025-06-01T05:20:00.000Z,0,358,238.5,238.75,238.5
818380,1674058,869657,782521,9,1,0,0,70b3d5d72ffcc19f,LHi110,0,7,2025-06-01T05:50:00.000Z,0,120,239,239,238.75
818380,1674058,869665,782521,9,1,0,0,70b3d5d72ffcc19f,LHi110,0,7,2025-06-01T06:00:00.000Z,0,44,239.25,239.25,239
818380,1674058,869669,782521,9,1,0,0,70b3d5d72ffcc19f,LHi110,0,7,2025-06-01T06:10:00.000Z,0,28,239.5,239.75,239.5
818383,1674058,869675,782521,9,2,0,0,70b3d5d72ffcc19f,LHi110,0,7,2025-06-01T06:30:00.000Z,1,35,238.5,238.5,238.5
818387,1674058,869675,782521,9,1,0,0,70b3d5d72ffcc19f,LHi110,0,7,2025-06-01T06:40:00.000Z,24,1,238.5,238.5,238.25
818461,1674058,869722,782521,9,4,1,1,70b3d5d72ffcc19f,LHi110,0,7,2025-06-01T07:10:00.000Z,270,0,236.75,236.5,236.5
818511,1674058,869722,782521,9,1,1,1,70b3d5d72ffcc19f,LHi110,0,7,2025-06-01T07:20:00.000Z,298,0,237,237,236.75
818689,1674058,869722,782521,9,1,1,1,70b3d5d72ffcc19f,LHi110,0,7,2025-06-01T07:40:00.000Z,650,0,237.75,237.5,237.25
818786,1674058,869722,782521,9,1,1,1,70b3d5d72ffcc19f,LHi110,0,7,2025-06-01T07:50:00.000Z,582,0,236.75,236.75,236.5
818786,1674058,869722,782521,9,1,1,1,70b3d5d72ffcc19f,LHi110,0,7,2025-06-01T07:50:00.000Z,582,0,236.75,236.75,236.5
818855,1674058,869722,782521,9,1,1,1,70b3d5d72ffcc19f,LHi110,0,7,2025-06-01T08:00:00.000Z,414,1,237,236.75,236.75
818957,1674058,869722,782521,9,1,1,1,70b3d5d72ffcc19f,LHi110,0,7,2025-06-01T08:10:00.000Z,609,0,236.5,236,235.75
819096,1674058,869722,782521,9,2,2,1,70b3d5d72ffcc19f,LHi110,0,7,2025-06-01T08:20:00.000Z,836,0,236.25,235.75,235.75
819747,1674058,869722,782521,9,2,2,2,70b3d5d72ffcc19f,LHi110,0,7,2025-06-01T08:50:00.000Z,1170,0,236.5,235.75,236
820012,1674058,869722,782521,9,4,3,3,70b3d5d72ffcc19f,LHi110,0,7,2025-06-01T09:00:00.000Z,1593,0,237,236.5,236.5
820381,1674058,869722,782521,9,4,3,3,70b3d5d72ffcc19f,LHi110,0,7,2025-06-01T09:10:00.000Z,2209,0,234.75,234,234.25
821116,1674058,869722,782521,9,4,4,3,70b3d5d72ffcc19f,LHi110,0,7,2025-06-01T09:30:00.000Z,1733,0,234.75,234.25,234.25
821438,1674058,869722,782521,9,4,3,3,70b3d5d72ffcc19f,LHi110,0,7,2025-06-01T09:40:00.000Z,1932,0,234.25,233.75,233.75
821683,1674058,869722,782521,9,3,2,2,70b3d5d72ffcc19f,LHi110,0,7,2025-06-01T09:50:00.000Z,1466,0,234.25,233.5,233.75
822544,1674058,869722,782521,9,5,4,4,70b3d5d72ffcc19f,LHi110,0,7,2025-06-01T10:10:00.000Z,2719,0,235.25,234.75,234.75
822943,1674058,869722,782521,9,4,4,3,70b3d5d72ffcc19f,LHi110,0,7,2025-06-01T10:20:00.000Z,2394,0,234.5,233.75,234
823627,1674058,869729,782521,9,4,3,3,70b3d5d72ffcc19f,LHi110,0,7,2025-06-01T10:40:00.000Z,2342,0,234,233.5,233.75
824024,1674058,869729,782521,9,4,3,3,70b3d5d72ffcc19f,LHi110,0,7,2025-06-01T10:50:00.000Z,2381,0,234,233.25,233.75
824379,1674058,869729,782521,9,4,4,4,70b3d5d72ffcc19f,LHi110,0,7,2025-06-01T11:00:00.000Z,2130,0,234.5,233.25,233.75
824748,1674058,869729,782521,9,4,4,4,70b3d5d72ffcc19f,LHi110,0,7,2025-06-01T11:10:00.000Z,2215,0,232.75,231.75,232
825128,1674058,869729,782521,9,5,4,4,70b3d5d72ffcc19f,LHi110,0,7,2025-06-01T11:20:00.000Z,2275,0,232.5,231.5,231.75
825402,1674058,869729,782521,9,5,3,3,70b3d5d72ffcc19f,LHi110,0,7,2025-06-01T11:30:00.000Z,1649,0,232.5,231.75,232
825713,1674058,869729,782521,9,4,3,3,70b3d5d72ffcc19f,LHi110,0,7,2025-06-01T11:40:00.000Z,1865,0,230.75,230.25,230.25
826060,1674058,869729,782521,9,5,4,4,70b3d5d72ffcc19f,LHi110,0,7,2025-06-01T11:50:00.000Z,2076,0,231.5,230.5,230.75
826515,1674058,869729,782521,9,6,5,5,70b3d5d72ffcc19f,LHi110,0,7,2025-06-01T12:00:00.000Z,2735,0,234.5,233.75,233.75
827112,1674058,869729,782521,9,7,6,6,70b3d5d72ffcc19f,LHi110,0,7,2025-06-01T12:10:00.000Z,3582,0,235,234.25,234
827112,1674058,869729,782521,9,7,6,6,70b3d5d72ffcc19f,LHi110,0,7,2025-06-01T12:10:00.000Z,3582,0,235,234.25,234
827519,1674058,869729,782521,9,5,4,4,70b3d5d72ffcc19f,LHi110,0,7,2025-06-01T12:20:00.000Z,2441,0,234,233.25,233
827879,1674058,869729,782521,9,4,4,4,70b3d5d72ffcc19f,LHi110,0,7,2025-06-01T12:30:00.000Z,2159,0,233.5,232.75,232.5
828799,1674058,869729,782521,9,5,5,4,70b3d5d72ffcc19f,LHi110,0,7,2025-06-01T12:50:00.000Z,3244,0,234.5,233.5,233.5
829333,1674058,869729,782521,9,7,6,6,70b3d5d72ffcc19f,LHi110,0,7,2025-06-01T13:00:00.000Z,3202,0,233.5,232.5,232.5
829960,1674058,869729,782521,9,6,6,5,70b3d5d72ffcc19f,LHi110,0,7,2025-06-01T13:10:00.000Z,3766,0,233,232.25,232.25
830456,1674058,869729,782521,9,5,4,4,70b3d5d72ffcc19f,LHi110,0,7,2025-06-01T13:20:00.000Z,2971,0,232.75,231.75,232
830974,1674058,869729,782521,9,5,4,4,70b3d5d72ffcc19f,LHi110,0,7,2025-06-01T13:30:00.000Z,3108,0,233,232.25,232.25
831403,1674058,869729,782521,9,4,3,3,70b3d5d72ffcc19f,LHi110,0,7,2025-06-01T13:40:00.000Z,2575,0,232.75,231.75,232
832300,1674058,869729,782521,9,5,4,4,70b3d5d72ffcc19f,LHi110,0,7,2025-06-01T14:00:00.000Z,2773,0,234.5,233.5,234
832640,1674058,869731,782521,9,4,6,3,70b3d5d72ffcc19f,LHi110,0,7,2025-06-01T14:10:00.000Z,2047,5,234.5,233.5,233.75
833149,1674058,869731,782521,9,5,4,4,70b3d5d72ffcc19f,LHi110,0,7,2025-06-01T14:20:00.000Z,3051,0,233,232,231.75
834304,1674058,869731,782521,9,6,5,5,70b3d5d72ffcc19f,LHi110,0,7,2025-06-01T14:40:00.000Z,3353,0,231.25,230,230
834771,1674058,869731,782521,9,6,5,5,70b3d5d72ffcc19f,LHi110,0,7,2025-06-01T14:50:00.000Z,2805,0,230.5,229.75,229.5
835295,1674058,869731,782521,9,7,6,6,70b3d5d72ffcc19f,LHi110,0,7,2025-06-01T15:00:00.000Z,3144,0,230.75,229.75,229.75
835926,1674058,869731,782521,9,8,6,6,70b3d5d72ffcc19f,LHi110,0,7,2025-06-01T15:10:00.000Z,3783,0,230.75,229.75,229.5
836492,1674058,869731,782521,9,7,6,6,70b3d5d72ffcc19f,LHi110,0,7,2025-06-01T15:20:00.000Z,3399,0,229.75,228.75,228.75
837105,1674058,869731,782521,9,7,6,6,70b3d5d72ffcc19f,LHi110,0,7,2025-06-01T15:30:00.000Z,3672,0,230.5,229.25,229.25
837714,1674058,869731,782521,9,7,6,6,70b3d5d72ffcc19f,LHi110,0,7,2025-06-01T15:40:00.000Z,3656,0,230.5,229.5,229.25
838487,1674058,869731,782521,9,7,6,6,70b3d5d72ffcc19f,LHi110,0,7,2025-06-01T15:50:00.000Z,4640,0,231,230.25,229.5
839234,1674058,869731,782521,9,7,6,6,70b3d5d72ffcc19f,LHi110,0,7,2025-06-01T16:00:00.000Z,4481,0,230.5,229.5,228.75
839929,1674058,869731,782521,9,7,6,6,70b3d5d72ffcc19f,LHi110,0,7,2025-06-01T16:10:00.000Z,4168,0,231.25,230.75,229.5
839929,1674058,869731,782521,9,7,6,6,70b3d5d72ffcc19f,LHi110,0,7,2025-06-01T16:10:00.000Z,4168,0,231.25,230.75,229.5
840284,1674058,869731,782521,9,7,6,6,70b3d5d72ffcc19f,LHi110,0,7,2025-06-01T16:20:00.000Z,2127,0,230.25,229.5,228.5
840711,1674058,869731,782521,9,6,5,6,70b3d5d72ffcc19f,LHi110,0,7,2025-06-01T16:30:00.000Z,2562,0,230.25,229.5,228.75
841682,1674058,869731,782521,9,6,5,6,70b3d5d72ffcc19f,LHi110,0,7,2025-06-01T16:50:00.000Z,2894,0,230.75,229.75,229
842284,1674058,869731,782521,9,6,5,5,70b3d5d72ffcc19f,LHi110,0,7,2025-06-01T17:00:00.000Z,3611,0,231,230,229
843443,1674058,869731,782521,9,5,4,5,70b3d5d72ffcc19f,LHi110,0,7,2025-06-01T17:20:00.000Z,3341,0,231,230.25,229.5
843857,1674058,869731,782521,9,5,4,5,70b3d5d72ffcc19f,LHi110,0,7,2025-06-01T17:30:00.000Z,2482,0,231.25,230.5,229.75
844312,1674058,869731,782521,9,5,5,5,70b3d5d72ffcc19f,LHi110,0,7,2025-06-01T17:40:00.000Z,2727,0,232.5,231.75,231.25
845153,1674058,869731,782521,9,4,3,4,70b3d5d72ffcc19f,LHi110,0,7,2025-06-01T18:00:00.000Z,2533,0,232.75,231.75,231.75
845571,1674058,869731,782521,9,4,3,4,70b3d5d72ffcc19f,LHi110,0,7,2025-06-01T18:10:00.000Z,2506,0,234,233.25,232.75
845950,1674058,869731,782521,9,4,3,4,70b3d5d72ffcc19f,LHi110,0,7,2025-06-01T18:20:00.000Z,2274,0,236.25,235.75,235.25
846269,1674058,869731,782521,9,3,3,3,70b3d5d72ffcc19f,LHi110,0,7,2025-06-01T18:30:00.000Z,1912,0,236.75,236.25,235.75
846789,1674058,869731,782521,9,3,2,2,70b3d5d72ffcc19f,LHi110,0,7,2025-06-01T18:50:00.000Z,1469,0,236.25,235.75,235.25
847060,1674058,869731,782521,9,3,2,2,70b3d5d72ffcc19f,LHi110,0,7,2025-06-01T19:00:00.000Z,1620,0,236.75,236.25,236
847274,1674058,869731,782521,9,2,2,2,70b3d5d72ffcc19f,LHi110,0,7,2025-06-01T19:10:00.000Z,1288,0,236,235.5,235.25
847487,1674058,869731,782521,9,2,2,2,70b3d5d72ffcc19f,LHi110,0,7,2025-06-01T19:20:00.000Z,1272,0,235.75,235.25,235
847687,1674058,869731,782521,9,2,2,2,70b3d5d72ffcc19f,LHi110,0,7,2025-06-01T19:30:00.000Z,1202,0,235.75,235,235
847871,1674058,869731,782521,9,2,1,2,70b3d5d72ffcc19f,LHi110,0,7,2025-06-01T19:40:00.000Z,1105,0,235.75,235.25,235
848055,1674058,869731,782521,9,2,1,1,70b3d5d72ffcc19f,LHi110,0,7,2025-06-01T19:50:00.000Z,1102,0,237.5,236.75,237
848286,1674058,869731,782521,9,1,1,1,70b3d5d72ffcc19f,LHi110,0,7,2025-06-01T20:10:00.000Z,600,0,237,236.25,236.75
848370,1674058,869731,782521,9,1,1,1,70b3d5d72ffcc19f,LHi110,0,7,2025-06-01T20:20:00.000Z,503,0,238.5,238,238
848489,1674058,869731,782521,9,4,0,1,70b3d5d72ffcc19f,LHi110,0,7,2025-06-01T20:40:00.000Z,267,0,237.25,236.5,236.75
848532,1674058,869731,782521,9,1,0,1,70b3d5d72ffcc19f,LHi110,0,7,2025-06-01T20:50:00.000Z,259,0,238.25,237.75,238
848532,1674058,869731,782521,9,1,0,1,70b3d5d72ffcc19f,LHi110,0,7,2025-06-01T20:50:00.000Z,259,0,238.25,237.75,238
848574,1674058,869731,782521,9,1,0,1,70b3d5d72ffcc19f,LHi110,0,7,2025-06-01T21:00:00.000Z,250,0,238.25,237.5,237.75
848608,1674058,869779,782521,9,1,9,0,70b3d5d72ffcc19f,LHi110,0,7,2025-06-01T21:20:00.000Z,63,289,236.75,236.25,236.5
848609,1674058,869784,782521,9,2,0,0,70b3d5d72ffcc19f,LHi110,0,7,2025-06-01T21:30:00.000Z,4,25,237,236.75,236.75
848609,1674058,869792,782521,9,1,0,0,70b3d5d72ffcc19f,LHi110,0,7,2025-06-01T21:40:00.000Z,0,50,237.25,236.75,236.75
848609,1674058,869810,782521,9,1,0,0,70b3d5d72ffcc19f,LHi110,0,7,2025-06-01T21:50:00.000Z,0,104,236.75,236.25,236.25
848609,1674058,869830,782521,9,1,0,0,70b3d5d72ffcc19f,LHi110,0,7,2025-06-01T22:00:00.000Z,0,122,236.75,236.25,236.25
848609,1674058,869856,782521,9,2,0,0,70b3d5d72ffcc19f,LHi110,0,7,2025-06-01T22:10:00.000Z,0,154,238.25,237.75,238
848609,1674058,869880,782521,9,1,0,0,70b3d5d72ffcc19f,LHi110,0,7,2025-06-01T22:20:00.000Z,0,143,238.75,238.5,238.75
848609,1674058,869923,782521,9,1,0,0,70b3d5d72ffcc19f,LHi110,0,7,2025-06-01T22:40:00.000Z,0,129,238,238,238
848609,1674058,869945,782521,9,1,0,0,70b3d5d72ffcc19f,LHi110,0,7,2025-06-01T22:50:00.000Z,0,131,238.5,238.5,238.5
848609,1674058,869974,782521,9,5,0,0,70b3d5d72ffcc19f,LHi110,0,7,2025-06-01T23:00:00.000Z,0,173,238.75,238.5,238.5
848609,1674058,869996,782521,9,1,0,0,70b3d5d72ffcc19f,LHi110,0,7,2025-06-01T23:10:00.000Z,0,132,238.25,238,238.25
848609,1674058,870038,782521,9,9,0,0,70b3d5d72ffcc19f,LHi110,0,7,2025-06-01T23:20:00.000Z,0,254,239.75,239.5,239.75
848609,1674058,870129,782521,9,9,0,0,70b3d5d72ffcc19f,LHi110,0,7,2025-06-01T23:30:00.000Z,0,547,240.25,240.25,240.25
848609,1674058,870158,782521,9,3,0,0,70b3d5d72ffcc19f,LHi110,0,7,2025-06-01T23:40:00.000Z,0,172,240.25,240.25,240.25
848609,1674058,870180,782521,9,1,0,0,70b3d5d72ffcc19f,LHi110,0,7,2025-06-01T23:50:00.000Z,0,133,239.25,239.25,239.25
848609,1674058,870203,782521,9,1,0,0,70b3d5d72ffcc19f,LHi110,0,7,2025-06-02T00:00:00.000Z,0,133,239.25,239.25,239
848609,1674058,870225,782521,9,1,0,0,70b3d5d72ffcc19f,LHi110,0,7,2025-06-02T00:10:00.000Z,0,133,239.5,239.75,239.5
848609,1674058,870247,782521,9,2,0,0,70b3d5d72ffcc19f,LHi110,0,7,2025-06-02T00:20:00.000Z,0,135,239.25,239.5,239.25
848609,1674058,870276,782521,9,1,0,0,70b3d5d72ffcc19f,LHi110,0,7,2025-06-02T00:30:00.000Z,0,171,239.5,239.5,239
848609,1674058,870298,782521,9,1,0,0,70b3d5d72ffcc19f,LHi110,0,7,2025-06-02T00:40:00.000Z,0,133,239.5,239.5,239.25
848609,1674058,870321,782521,9,1,0,0,70b3d5d72ffcc19f,LHi110,0,7,2025-06-02T00:50:00.000Z,0,133,239.5,239.5,239.25
848609,1674058,870321,782521,9,1,0,0,70b3d5d72ffcc19f,LHi110,0,7,2025-06-02T00:50:00.000Z,0,133,239.5,239.5,239.25
848609,1674058,870393,782521,9,1,9,0,70b3d5d72ffcc19f,LHi110,0,7,2025-06-02T01:00:00.000Z,0,435,240,239.75,239.75
848609,1674058,870421,782521,9,1,0,0,70b3d5d72ffcc19f,LHi110,0,7,2025-06-02T01:10:00.000Z,0,168,239.25,239.25,239.25
848609,1674058,870444,782521,9,1,0,0,70b3d5d72ffcc19f,LHi110,0,7,2025-06-02T01:20:00.000Z,0,137,239.25,239.25,239
848609,1674058,870467,782521,9,1,0,0,70b3d5d72ffcc19f,LHi110,0,7,2025-06-02T01:30:00.000Z,0,134,239.25,239.25,239
848609,1674058,870489,782521,9,1,0,0,70b3d5d72ffcc19f,LHi110,0,7,2025-06-02T01:40:00.000Z,0,135,239.25,239.25,239
848609,1674058,870513,782521,9,3,0,0,70b3d5d72ffcc19f,LHi110,0,7,2025-06-02T01:50:00.000Z,0,143,239.5,239.5,239.25
848609,1674058,870563,782521,9,1,0,0,70b3d5d72ffcc19f,LHi110,0,7,2025-06-02T02:10:00.000Z,0,134,239.75,239.75,239.5
848609,1674058,870586,782521,9,1,0,0,70b3d5d72ffcc19f,LHi110,0,7,2025-06-02T02:20:00.000Z,0,139,239.75,239.75,239.5
848609,1674058,870638,782521,9,5,0,0,70b3d5d72ffcc19f,LHi110,0,7,2025-06-02T02:40:00.000Z,0,175,239.75,239.75,239.5
848609,1674058,870660,782521,9,1,0,0,70b3d5d72ffcc19f,LHi110,0,7,2025-06-02T02:50:00.000Z,0,134,239.75,240,239.75
848609,1674058,870683,782521,9,1,0,0,70b3d5d72ffcc19f,LHi110,0,7,2025-06-02T03:00:00.000Z,0,133,240.25,240.25,240
848609,1674058,870729,782521,9,5,0,0,70b3d5d72ffcc19f,LHi110,0,7,2025-06-02T03:20:00.000Z,0,142,240.25,240.25,240
848609,1674058,870756,782521,9,1,0,0,70b3d5d72ffcc19f,LHi110,0,7,2025-06-02T03:30:00.000Z,0,166,239.75,239.75,239.5
848609,1674058,870779,782521,9,1,0,0,70b3d5d72ffcc19f,LHi110,0,7,2025-06-02T03:40:00.000Z,0,134,238.75,238.75,238.5
848609,1674058,870801,782521,9,1,0,0,70b3d5d72ffcc19f,LHi110,0,7,2025-06-02T03:50:00.000Z,0,134,238.75,239,238.75
848609,1674058,870852,782521,9,5,0,0,70b3d5d72ffcc19f,LHi110,0,7,2025-06-02T04:10:00.000Z,0,173,239.25,239.25,239
848609,1674058,870875,782521,9,1,0,0,70b3d5d72ffcc19f,LHi110,0,7,2025-06-02T04:20:00.000Z,0,134,239.75,239.75,239.5
848609,1674058,870897,782521,9,1,0,0,70b3d5d72ffcc19f,LHi110,0,7,2025-06-02T04:30:00.000Z,0,133,239.75,239.75,239.5
848609,1674058,870969,782521,9,1,9,0,70b3d5d72ffcc19f,LHi110,0,7,2025-06-02T04:40:00.000Z,0,429,239.25,239.25,239.25
848609,1674058,870992,782521,9,3,0,0,70b3d5d72ffcc19f,LHi110,0,7,2025-06-02T04:50:00.000Z,0,139,238.75,238.75,238.75
848609,1674058,871019,782521,9,1,0,0,70b3d5d72ffcc19f,LHi110,0,7,2025-06-02T05:00:00.000Z,0,162,238.75,238.75,238.75
848609,1674058,871019,782521,9,1,0,0,70b3d5d72ffcc19f,LHi110,0,7,2025-06-02T05:00:00.000Z,0,162,238.75,238.75,238.75
848609,1674058,871041,782521,9,1,0,0,70b3d5d72ffcc19f,LHi110,0,7,2025-06-02T05:10:00.000Z,0,130,238.5,238.5,238.5
848609,1674058,871062,782521,9,1,0,0,70b3d5d72ffcc19f,LHi110,0,7,2025-06-02T05:20:00.000Z,0,128,238.25,238.25,238.25
848609,1674058,871214,782521,9,1,0,0,70b3d5d72ffcc19f,LHi110,0,7,2025-06-02T05:50:00.000Z,0,98,239,238.75,238.5
848609,1674058,871222,782521,9,1,0,0,70b3d5d72ffcc19f,LHi110,0,7,2025-06-02T06:00:00.000Z,0,51,239,239,238.5
848625,1674058,871223,782521,9,1,0,0,70b3d5d72ffcc19f,LHi110,0,7,2025-06-02T06:20:00.000Z,76,0,236.5,236.25,236
848632,1674058,871223,782521,9,2,0,0,70b3d5d72ffcc19f,LHi110,0,7,2025-06-02T06:30:00.000Z,37,2,236.25,236,235.75
848649,1674058,871223,782521,9,1,0,0,70b3d5d72ffcc19f,LHi110,0,7,2025-06-02T06:40:00.000Z,101,0,236,235.75,235.5
848707,1674058,871223,782521,9,3,1,1,70b3d5d72ffcc19f,LHi110,0,7,2025-06-02T07:00:00.000Z,218,0,237.75,237.25,237.25
848707,1674167,871223,782521,9,1,1,1,70b3d5d72ffcc19f,LHi110,0,7,2025-06-02T07:10:00.000Z,652,0,237.25,236.5,236.75
848707,1674312,871223,782521,9,1,1,1,70b3d5d72ffcc19f,LHi110,0,7,2025-06-02T07:20:00.000Z,868,0,238.5,237.75,237.75
848707,1674724,871223,782521,9,2,2,1,70b3d5d72ffcc19f,LHi110,0,7,2025-06-02T07:40:00.000Z,1292,0,237.5,236.25,237
848707,1674956,871223,782521,9,2,2,2,70b3d5d72ffcc19f,LHi110,0,7,2025-06-02T07:50:00.000Z,1398,0,235.5,234,234.75
848707,1675168,871223,782521,9,2,2,2,70b3d5d72ffcc19f,LHi110,0,7,2025-06-02T08:00:00.000Z,1269,0,238.25,237.25,238
848707,1675977,871223,782525,9,4,4,3,70b3d5d72ffcc19f,LHi110,0,7,2025-06-02T08:30:00.000Z,1923,0,239,237.75,238.75
848707,1676285,871223,782525,9,5,4,3,70b3d5d72ffcc19f,LHi110,0,7,2025-06-02T08:40:00.000Z,1852,0,238.5,237.25,238.25
848707,1677041,871223,782525,9,6,5,4,70b3d5d72ffcc19f,LHi110,0,7,2025-06-02T09:00:00.000Z,2516,0,237.5,236.25,237.25
848707,1677291,871223,782525,9,2,2,2,70b3d5d72ffcc19f,LHi110,0,7,2025-06-02T09:10:00.000Z,1497,0,236.25,235,236.25
848707,1677482,871223,782525,9,2,1,1,70b3d5d72ffcc19f,LHi110,0,7,2025-06-02T09:20:00.000Z,1142,0,236.25,235,236
848707,1677673,871223,782525,9,4,4,3,70b3d5d72ffcc19f,LHi110,0,7,2025-06-02T09:30:00.000Z,1146,0,236,234.5,236.25
848707,1677867,871223,782525,9,5,5,4,70b3d5d72ffcc19f,LHi110,0,7,2025-06-02T09:40:00.000Z,1165,0,237.25,235.75,237.25
848707,1677867,871223,782525,9,5,5,4,70b3d5d72ffcc19f,LHi110,0,7,2025-06-02T09:40:00.000Z,1165,0,237.25,235.75,237.25
848707,1678132,871223,782525,9,6,6,5,70b3d5d72ffcc19f,LHi110,0,7,2025-06-02T09:50:00.000Z,1593,0,237.25,235.75,237
848707,1678286,871223,782525,9,2,2,2,70b3d5d72ffcc19f,LHi110,0,7,2025-06-02T10:00:00.000Z,924,0,235.5,234,235.25
848707,1678819,871223,782525,9,4,3,3,70b3d5d72ffcc19f,LHi110,0,7,2025-06-02T10:20:00.000Z,1692,0,238.5,237.25,238.25
848707,1679177,871223,782525,9,5,4,4,70b3d5d72ffcc19f,LHi110,0,7,2025-06-02T10:30:00.000Z,2148,0,237,235.75,236.75
848707,1679524,871223,782525,9,3,3,3,70b3d5d72ffcc19f,LHi110,0,7,2025-06-02T10:40:00.000Z,2080,0,235,233.75,234.75
848707,1681187,871223,782525,9,8,7,7,70b3d5d72ffcc19f,LHi110,0,7,2025-06-02T11:10:00.000Z,3834,0,232,230.5,231
848707,1681984,871223,782525,9,7,6,6,70b3d5d72ffcc19f,LHi110,0,7,2025-06-02T11:20:00.000Z,4782,0,231.5,230.25,230.5
848707,1684162,871223,782525,9,9,8,8,70b3d5d72ffcc19f,LHi110,0,7,2025-06-02T11:50:00.000Z,3911,0,229.5,228.25,228.5
848707,1685039,871223,782525,9,9,8,8,70b3d5d72ffcc19f,LHi110,0,7,2025-06-02T12:00:00.000Z,5267,0,231.25,229.75,230
848707,1687620,871223,782525,9,8,7,7,70b3d5d72ffcc19f,LHi110,0,7,2025-06-02T12:30:00.000Z,5142,0,232.5,231,230.75
848707,1688253,871223,782525,9,9,7,7,70b3d5d72ffcc19f,LHi110,0,7,2025-06-02T12:40:00.000Z,3797,0,231.75,230.25,230.25
848707,1690465,871223,782525,9,9,8,8,70b3d5d72ffcc19f,LHi110,0,7,2025-06-02T13:10:00.000Z,3742,0,232.25,230.75,231
848707,1691349,871223,782525,9,9,8,7,70b3d5d72ffcc19f,LHi110,0,7,2025-06-02T13:20:00.000Z,5299,0,233.5,232,231.75
848707,1693996,871223,782525,9,8,7,7,70b3d5d72ffcc19f,LHi110,0,7,2025-06-02T13:50:00.000Z,5254,0,233.25,231.75,231.5
848707,1694882,871223,782525,9,8,7,7,70b3d5d72ffcc19f,LHi110,0,7,2025-06-02T14:00:00.000Z,5315,0,233.5,232,231.75
848707,1697328,871223,782525,9,8,7,7,70b3d5d72ffcc19f,LHi110,0,7,2025-06-02T14:30:00.000Z,5306,0,233,231.5,231.25
848707,1698198,871223,782525,9,8,7,7,70b3d5d72ffcc19f,LHi110,0,7,2025-06-02T14:40:00.000Z,5218,0,233.75,232,232
848707,1700778,871223,782525,9,8,7,7,70b3d5d72ffcc19f,LHi110,0,7,2025-06-02T15:10:00.000Z,5104,0,231,229,229.25
848707,1701560,871223,782525,9,8,6,7,70b3d5d72ffcc19f,LHi110,0,7,2025-06-02T15:20:00.000Z,4690,0,231.25,229.25,229.5
848707,1702383,871223,782525,9,8,6,6,70b3d5d72ffcc19f,LHi110,0,7,2025-06-02T15:30:00.000Z,4941,0,231.25,229.25,229.5
848707,1702383,871223,782525,9,8,6,6,70b3d5d72ffcc19f,LHi110,0,7,2025-06-02T15:30:00.000Z,4941,0,231.25,229.25,229.5
848707,1703194,871223,782525,9,7,6,6,70b3d5d72ffcc19f,LHi110,0,7,2025-06-02T15:40:00.000Z,4861,0,232,230,230.25
848707,1705142,871223,782525,9,8,7,7,70b3d5d72ffcc19f,LHi110,0,7,2025-06-02T16:10:00.000Z,2687,0,230.75,229,229.5
848707,1705761,871223,782525,9,8,7,7,70b3d5d72ffcc19f,LHi110,0,7,2025-06-02T16:20:00.000Z,3720,0,231.75,229.75,230.25
848707,1707256,871223,782525,9,7,6,6,70b3d5d72ffcc19f,LHi110,0,7,2025-06-02T16:40:00.000Z,4378,0,233,231.75,231.75
848707,1708389,871223,782525,9,7,6,6,70b3d5d72ffcc19f,LHi110,0,7,2025-06-02T17:00:00.000Z,2601,0,231.25,229.75,230.25
848707,1708979,871223,782525,9,7,6,6,70b3d5d72ffcc19f,LHi110,0,7,2025-06-02T17:10:00.000Z,3531,0,232.5,231,231.5
848707,1710118,871223,782525,9,6,5,6,70b3d5d72ffcc19f,LHi110,0,7,2025-06-02T17:30:00.000Z,3444,0,230,228.75,229
848707,1710376,871223,782528,9,7,5,6,70b3d5d72ffcc19f,LHi110,0,7,2025-06-02T17:40:00.000Z,1550,16,231,230,230.75
848707,1710926,871223,782528,9,6,4,5,70b3d5d72ffcc19f,LHi110,0,7,2025-06-02T18:00:00.000Z,1236,0,231.5,230.25,231
848707,1711202,871223,782528,9,6,4,5,70b3d5d72ffcc19f,LHi110,0,7,2025-06-02T18:10:00.000Z,1649,0,231.5,230.5,231
848707,1711339,871223,782528,9,3,1,1,70b3d5d72ffcc19f,LHi110,0,7,2025-06-02T18:20:00.000Z,824,0,232.5,231.75,232.25
848707,1711810,871223,782563,9,4,8,3,70b3d5d72ffcc19f,LHi110,0,7,2025-06-02T18:50:00.000Z,954,211,237,236,236.75
848707,1711930,871223,782563,9,3,2,3,70b3d5d72ffcc19f,LHi110,0,7,2025-06-02T19:00:00.000Z,720,0,235.5,234.5,235
848707,1712314,871223,782563,9,3,2,3,70b3d5d72ffcc19f,LHi110,0,7,2025-06-02T19:20:00.000Z,1320,0,237,236,236.75
848707,1712375,871223,782563,9,2,2,2,70b3d5d72ffcc19f,LHi110,0,7,2025-06-02T19:30:00.000Z,366,0,237.25,236.25,237
848707,1712577,871223,782563,9,2,2,2,70b3d5d72ffcc19f,LHi110,0,7,2025-06-02T19:40:00.000Z,1210,0,237.25,236,237
848707,1712811,871223,782563,9,2,1,2,70b3d5d72ffcc19f,LHi110,0,7,2025-06-02T19:50:00.000Z,1405,0,236.75,235.5,236.5
848707,1713044,871223,782563,9,2,2,2,70b3d5d72ffcc19f,LHi110,0,7,2025-06-02T20:00:00.000Z,1398,0,237,236,236.75
848707,1713223,871223,782563,9,2,1,1,70b3d5d72ffcc19f,LHi110,0,7,2025-06-02T20:10:00.000Z,1069,0,237.75,236.75,237.5
848707,1713366,871223,782563,9,1,1,1,70b3d5d72ffcc19f,LHi110,0,7,2025-06-02T20:20:00.000Z,861,0,237,236.25,237
848707,1713480,871223,782563,9,3,1,1,70b3d5d72ffcc19f,LHi110,0,7,2025-06-02T20:30:00.000Z,680,0,236.5,235.5,236.5
848707,1713480,871223,782563,9,3,1,1,70b3d5d72ffcc19f,LHi110,0,7,2025-06-02T20:30:00.000Z,680,0,236.5,235.5,236.5
848707,1713577,871223,782563,9,1,1,1,70b3d5d72ffcc19f,LHi110,0,7,2025-06-02T20:40:00.000Z,581,0,238.25,237.25,238
848707,1713654,871223,782563,9,1,0,1,70b3d5d72ffcc19f,LHi110,0,7,2025-06-02T20:50:00.000Z,464,0,238.25,237.5,238.5
848707,1713698,871223,782563,9,1,0,1,70b3d5d72ffcc19f,LHi110,0,7,2025-06-02T21:00:00.000Z,264,0,238,237,238
848707,1713719,871223,782563,9,3,0,0,70b3d5d72ffcc19f,LHi110,0,7,2025-06-02T21:10:00.000Z,119,2,237.25,236,237.25
848707,1713722,871223,782564,9,1,0,0,70b3d5d72ffcc19f,LHi110,0,7,2025-06-02T21:20:00.000Z,22,4,236.75,235.75,237
848707,1713724,871223,782565,9,1,0,0,70b3d5d72ffcc19f,LHi110,0,7,2025-06-02T21:30:00.000Z,9,6,236.25,235.25,236.25
848707,1713724,871223,782586,9,1,1,0,70b3d5d72ffcc19f,LHi110,0,7,2025-06-02T21:40:00.000Z,0,125,236.25,235,236.25
848707,1713724,871223,782603,9,1,0,0,70b3d5d72ffcc19f,LHi110,0,7,2025-06-02T21:50:00.000Z,0,102,236.75,235.5,236.5
848707,1713724,871223,782629,9,2,0,0,70b3d5d72ffcc19f,LHi110,0,7,2025-06-02T22:00:00.000Z,0,156,236.5,235.25,236.25
848707,1713724,871223,782652,9,1,0,0,70b3d5d72ffcc19f,LHi110,0,7,2025-06-02T22:10:00.000Z,0,137,236,235,236
848707,1713724,871223,782712,9,1,9,0,70b3d5d72ffcc19f,LHi110,0,7,2025-06-02T22:30:00.000Z,0,233,236.25,235.5,236.25
848707,1713724,871223,782766,9,2,9,0,70b3d5d72ffcc19f,LHi110,0,7,2025-06-02T22:40:00.000Z,0,320,237,236.25,237.25
848707,1713724,871246,782816,9,1,0,0,70b3d5d72ffcc19f,LHi110,0,7,2025-06-02T23:10:00.000Z,0,134,239,238.25,239.25
848707,1713724,871268,782816,9,1,0,0,70b3d5d72ffcc19f,LHi110,0,7,2025-06-02T23:20:00.000Z,0,134,239.5,239,239.75
848707,1713724,871295,782816,9,2,0,0,70b3d5d72ffcc19f,LHi110,0,7,2025-06-02T23:30:00.000Z,0,164,239.75,239,240
848707,1713724,871407,782816,9,10,0,0,70b3d5d72ffcc19f,LHi110,0,7,2025-06-02T23:40:00.000Z,0,670,239.25,238.75,239.75
848707,1713724,871429,782816,9,1,0,0,70b3d5d72ffcc19f,LHi110,0,7,2025-06-02T23:50:00.000Z,0,133,239.5,238.75,239.75
848707,1713724,871452,782816,9,1,0,0,70b3d5d72ffcc19f,LHi110,0,7,2025-06-03T00:00:00.000Z,0,133,238.75,238,239
848707,1713724,871475,782816,9,2,0,0,70b3d5d72ffcc19f,LHi110,0,7,2025-06-03T00:10:00.000Z,0,142,239.25,238.5,239.5
848707,1713724,871503,782816,9,1,0,0,70b3d5d72ffcc19f,LHi110,0,7,2025-06-03T00:20:00.000Z,0,165,239.5,239,239.75
848707,1713724,871525,782816,9,1,0,0,70b3d5d72ffcc19f,LHi110,0,7,2025-06-03T00:30:00.000Z,0,133,237.25,236.75,237.75
848707,1713724,871525,782816,9,1,0,0,70b3d5d72ffcc19f,LHi110,0,7,2025-06-03T00:30:00.000Z,0,133,237.25,236.75,237.75
848707,1713724,871547,782816,9,1,0,0,70b3d5d72ffcc19f,LHi110,0,7,2025-06-03T00:40:00.000Z,0,133,236.25,235.5,236.5
848707,1713724,871570,782816,9,1,0,0,70b3d5d72ffcc19f,LHi110,0,7,2025-06-03T00:50:00.000Z,0,133,236.75,236.25,237
848707,1713724,871598,782816,9,2,0,0,70b3d5d72ffcc19f,LHi110,0,7,2025-06-03T01:00:00.000Z,0,168,237,236.5,237.25
848707,1713724,871665,782816,9,1,0,0,70b3d5d72ffcc19f,LHi110,0,7,2025-06-03T01:30:00.000Z,0,133,237.75,237.5,238
848707,1713724,871690,782816,9,2,0,0,70b3d5d72ffcc19f,LHi110,0,7,2025-06-03T01:40:00.000Z,0,147,238,237.75,238.25
848707,1713724,871716,782816,9,1,0,0,70b3d5d72ffcc19f,LHi110,0,7,2025-06-03T01:50:00.000Z,0,159,238.25,238,238.5
848707,1713724,871739,782816,9,1,0,0,70b3d5d72ffcc19f,LHi110,0,7,2025-06-03T02:00:00.000Z,0,134,238.5,238.5,238.75
848707,1713724,871812,782816,9,1,9,0,70b3d5d72ffcc19f,LHi110,0,7,2025-06-03T02:10:00.000Z,0,441,238.5,238.25,238.75
848707,1713724,871835,782816,9,1,0,0,70b3d5d72ffcc19f,LHi110,0,7,2025-06-03T02:20:00.000Z,0,135,238.75,238.25,238.75
848707,1713724,871909,782816,9,1,0,0,70b3d5d72ffcc19f,LHi110,0,7,2025-06-03T02:50:00.000Z,0,135,239.5,239.25,239.5
848707,1713724,871932,782816,9,1,0,0,70b3d5d72ffcc19f,LHi110,0,7,2025-06-03T03:00:00.000Z,0,135,239.75,239.5,239.75
848707,1713724,872006,782816,9,1,0,0,70b3d5d72ffcc19f,LHi110,0,7,2025-06-03T03:30:00.000Z,0,135,240,239.75,239.75
848707,1713724,872029,782816,9,1,0,0,70b3d5d72ffcc19f,LHi110,0,7,2025-06-03T03:40:00.000Z,0,136,238.5,238.25,238.25
848707,1713724,872104,782816,9,1,0,0,70b3d5d72ffcc19f,LHi110,0,7,2025-06-03T04:10:00.000Z,0,134,238.25,238.25,238
848707,1713724,872126,782816,9,1,0,0,70b3d5d72ffcc19f,LHi110,0,7,2025-06-03T04:20:00.000Z,0,134,238.25,238,238
848707,1713724,872172,782816,9,3,0,0,70b3d5d72ffcc19f,LHi110,0,7,2025-06-03T04:40:00.000Z,0,140,238.25,238.25,238
848707,1713724,872199,782816,9,1,0,0,70b3d5d72ffcc19f,LHi110,0,7,2025-06-03T04:50:00.000Z,0,162,238.5,238.5,238.25
848707,1713724,872220,782816,9,1,0,0,70b3d5d72ffcc19f,LHi110,0,7,2025-06-03T05:00:00.000Z,0,129,238.75,238.75,238.75
848707,1713724,872290,782816,9,5,0,0,70b3d5d72ffcc19f,LHi110,0,7,2025-06-03T05:30:00.000Z,0,160,237.5,237.25,237.25
848707,1713724,872370,782816,9,9,0,0,70b3d5d72ffcc19f,LHi110,0,7,2025-06-03T05:40:00.000Z,0,483,237.5,237.75,237.25
848707,1713724,872370,782816,9,9,0,0,70b3d5d72ffcc19f,LHi110,0,7,2025-06-03T05:40:00.000Z,0,483,237.5,237.75,237.25
848707,1713724,872454,782816,9,9,9,0,70b3d5d72ffcc19f,LHi110,0,7,2025-06-03T05:50:00.000Z,0,497,237.75,237.75,237.5
848710,1713724,872455,782816,9,1,0,1,70b3d5d72ffcc19f,LHi110,0,7,2025-06-03T06:00:00.000Z,20,8,237.25,237,237
848744,1713724,872457,782816,9,1,0,0,70b3d5d72ffcc19f,LHi110,0,7,2025-06-03T06:20:00.000Z,135,0,235.75,235.25,235
848783,1713724,872457,782816,9,1,0,0,70b3d5d72ffcc19f,LHi110,0,7,2025-06-03T06:30:00.000Z,235,0,235.25,235,234.75
848843,1713724,872457,782816,9,1,1,1,70b3d5d72ffcc19f,LHi110,0,7,2025-06-03T06:40:00.000Z,360,0,235.25,234.75,234.5
848926,1713724,872457,782816,9,1,1,1,70b3d5d72ffcc19f,LHi110,0,7,2025-06-03T06:50:00.000Z,497,0,235.25,234.75,234.25
849022,1713724,872457,782816,9,3,1,1,70b3d5d72ffcc19f,LHi110,0,7,2025-06-03T07:00:00.000Z,577,0,235,234.75,234.5
849022,1713857,872457,782816,9,1,1,1,70b3d5d72ffcc19f,LHi110,0,7,2025-06-03T07:10:00.000Z,797,0,236,235.25,235.25
849022,1714014,872457,782816,9,1,1,1,70b3d5d72ffcc19f,LHi110,0,7,2025-06-03T07:20:00.000Z,940,0,237.75,237,237
849022,1714410,872457,782816,9,2,2,1,70b3d5d72ffcc19f,LHi110,0,7,2025-06-03T07:40:00.000Z,1290,0,238,237,237.25
849022,1714647,872457,782816,9,2,2,1,70b3d5d72ffcc19f,LHi110,0,7,2025-06-03T07:50:00.000Z,1424,0,238.5,237.5,237.75
849022,1714912,872457,782816,9,2,2,2,70b3d5d72ffcc19f,LHi110,0,7,2025-06-03T08:00:00.000Z,1590,0,239,238,238
849022,1715208,872457,782816,9,3,3,2,70b3d5d72ffcc19f,LHi110,0,7,2025-06-03T08:10:00.000Z,1772,0,238.5,237.75,237.75
849022,1715816,872457,782816,9,4,4,3,70b3d5d72ffcc19f,LHi110,0,7,2025-06-03T08:30:00.000Z,2192,0,238.25,237.25,237.5
849022,1715997,872457,782816,9,2,2,2,70b3d5d72ffcc19f,LHi110,0,7,2025-06-03T08:40:00.000Z,1081,0,236.5,235.75,236.25
849022,1716254,872457,782816,9,4,4,3,70b3d5d72ffcc19f,LHi110,0,7,2025-06-03T08:50:00.000Z,1547,0,237,236.5,236.75
849022,1716484,872457,782816,9,3,3,2,70b3d5d72ffcc19f,LHi110,0,7,2025-06-03T09:00:00.000Z,1374,0,237.25,236.75,237
849022,1716784,872457,782816,9,5,5,4,70b3d5d72ffcc19f,LHi110,0,7,2025-06-03T09:10:00.000Z,1804,0,238.25,237.5,237.5
849022,1717045,872457,782816,9,5,5,4,70b3d5d72ffcc19f,LHi110,0,7,2025-06-03T09:20:00.000Z,1562,0,238,237.25,237.25
849022,1717318,872457,782828,9,6,7,4,70b3d5d72ffcc19f,LHi110,0,7,2025-06-03T09:30:00.000Z,1637,79,237,236.25,236.5
849022,1717597,872457,782828,9,6,6,5,70b3d5d72ffcc19f,LHi110,0,7,2025-06-03T09:40:00.000Z,1670,0,235.25,234.5,234.75
849022,1717946,872457,782828,9,6,5,5,70b3d5d72ffcc19f,LHi110,0,7,2025-06-03T09:50:00.000Z,2094,0,236.25,235.5,235.5
849022,1717946,872457,782828,9,6,5,5,70b3d5d72ffcc19f,LHi110,0,7,2025-06-03T09:50:00.000Z,2094,0,236.25,235.5,235.5
849022,1718486,872457,782828,9,7,6,6,70b3d5d72ffcc19f,LHi110,0,7,2025-06-03T10:00:00.000Z,3244,0,234,233,233.25
849022,1719119,872457,782828,9,8,7,6,70b3d5d72ffcc19f,LHi110,0,7,2025-06-03T10:10:00.000Z,3798,0,233.25,232.25,232.5
849022,1719485,872457,782828,9,6,5,5,70b3d5d72ffcc19f,LHi110,0,7,2025-06-03T10:20:00.000Z,2193,0,232,231.25,231.25
849022,1719853,872457,782828,9,5,4,4,70b3d5d72ffcc19f,LHi110,0,7,2025-06-03T10:30:00.000Z,2210,0,233.25,232.25,232.75
849022,1720271,872457,782828,9,8,7,6,70b3d5d72ffcc19f,LHi110,0,7,2025-06-03T10:40:00.000Z,2503,0,233.75,232.75,233.25
849022,1720725,872457,782828,9,8,7,6,70b3d5d72ffcc19f,LHi110,0,7,2025-06-03T10:50:00.000Z,2726,0,233.25,232.25,232.5
849022,1721412,872457,782828,9,9,7,7,70b3d5d72ffcc19f,LHi110,0,7,2025-06-03T11:00:00.000Z,4122,0,232.25,230.75,231.25
849022,1722474,872457,782828,9,8,7,7,70b3d5d72ffcc19f,LHi110,0,7,2025-06-03T11:20:00.000Z,3889,0,229.75,228.5,228.5
849022,1723220,872457,782828,9,8,7,7,70b3d5d72ffcc19f,LHi110,0,7,2025-06-03T11:30:00.000Z,4477,0,229.25,228,227.75
849022,1723957,872457,782828,9,8,7,6,70b3d5d72ffcc19f,LHi110,0,7,2025-06-03T11:40:00.000Z,4419,0,229,227.75,227.5
849022,1724622,872457,782828,9,9,7,7,70b3d5d72ffcc19f,LHi110,0,7,2025-06-03T11:50:00.000Z,3990,0,228.75,227.75,227.5
849022,1725853,872457,782828,9,9,8,8,70b3d5d72ffcc19f,LHi110,0,7,2025-06-03T12:10:00.000Z,3452,0,229.75,228.5,228.5
849022,1726415,872457,782828,9,9,7,7,70b3d5d72ffcc19f,LHi110,0,7,2025-06-03T12:20:00.000Z,3372,0,232,231.25,231.5
849022,1728596,872457,782828,9,8,7,7,70b3d5d72ffcc19f,LHi110,0,7,2025-06-03T12:50:00.000Z,4756,0,230.5,229.5,229
849022,1729259,872457,782828,9,8,7,7,70b3d5d72ffcc19f,LHi110,0,7,2025-06-03T13:00:00.000Z,3976,0,229.5,228.5,228
849022,1730013,872457,782828,9,8,7,7,70b3d5d72ffcc19f,LHi110,0,7,2025-06-03T13:10:00.000Z,4523,0,229.5,228.5,228.25
849022,1730736,872457,782828,9,8,7,7,70b3d5d72ffcc19f,LHi110,0,7,2025-06-03T13:20:00.000Z,4342,0,230,228.75,228.5
849022,1731526,872457,782828,9,8,7,6,70b3d5d72ffcc19f,LHi110,0,7,2025-06-03T13:30:00.000Z,4734,0,229.75,229,228.5
849022,1732209,872457,782828,9,8,6,6,70b3d5d72ffcc19f,LHi110,0,7,2025-06-03T13:40:00.000Z,4097,0,229.5,228.75,228.5
849022,1732805,872457,782828,9,8,7,7,70b3d5d72ffcc19f,LHi110,0,7,2025-06-03T13:50:00.000Z,3573,0,229.25,228.25,228.25
849022,1733927,872457,782828,9,8,7,7,70b3d5d72ffcc19f,LHi110,0,7,2025-06-03T14:10:00.000Z,3489,0,229.25,228,228
849022,1734500,872457,782828,9,8,7,7,70b3d5d72ffcc19f,LHi110,0,7,2025-06-03T14:20:00.000Z,3440,0,228.25,227.25,227.25
849022,1735199,872457,782828,9,8,7,7,70b3d5d72ffcc19f,LHi110,0,7,2025-06-03T14:30:00.000Z,4191,0,228.75,227.5,227.5
849022,1735199,872457,782828,9,8,7,7,70b3d5d72ffcc19f,LHi110,0,7,2025-06-03T14:30:00.000Z,4191,0,228.75,227.5,227.5
849022,1735929,872457,782828,9,7,6,6,70b3d5d72ffcc19f,LHi110,0,7,2025-06-03T14:40:00.000Z,4379,0,229.25,228,228
849022,1736524,872457,782828,9,7,6,6,70b3d5d72ffcc19f,LHi110,0,7,2025-06-03T14:50:00.000Z,3571,0,230.5,229.5,229.25
849022,1737250,872457,782828,9,7,6,6,70b3d5d72ffcc19f,LHi110,0,7,2025-06-03T15:00:00.000Z,4356,0,231.75,230.5,230.5
849022,1737816,872457,782828,9,7,6,6,70b3d5d72ffcc19f,LHi110,0,7,2025-06-03T15:10:00.000Z,3392,0,230,229,229
849022,1738363,872457,782828,9,7,6,6,70b3d5d72ffcc19f,LHi110,0,7,2025-06-03T15:20:00.000Z,3283,0,229.75,228.75,228.75
849022,1739036,872457,782828,9,7,5,6,70b3d5d72ffcc19f,LHi110,0,7,2025-06-03T15:30:00.000Z,4037,0,230,229,229
849022,1739616,872457,782828,9,6,5,5,70b3d5d72ffcc19f,LHi110,0,7,2025-06-03T15:40:00.000Z,3480,0,230,229,229.25
849022,1740090,872457,782828,9,6,5,5,70b3d5d72ffcc19f,LHi110,0,7,2025-06-03T15:50:00.000Z,2843,0,230.75,229.75,230.25
849022,1740455,872457,782828,9,5,4,4,70b3d5d72ffcc19f,LHi110,0,7,2025-06-03T16:00:00.000Z,2191,0,231,230.25,230.75
849022,1741228,872457,782828,9,3,2,2,70b3d5d72ffcc19f,LHi110,0,7,2025-06-03T16:20:00.000Z,2016,0,234.5,233.25,234.25
849022,1741558,872457,782828,9,3,2,2,70b3d5d72ffcc19f,LHi110,0,7,2025-06-03T16:30:00.000Z,1978,0,234.5,233.25,234.25
849022,1741842,872457,782828,9,3,2,2,70b3d5d72ffcc19f,LHi110,0,7,2025-06-03T16:40:00.000Z,1707,0,237,235.75,236.75
849022,1742116,872457,782828,9,3,2,2,70b3d5d72ffcc19f,LHi110,0,7,2025-06-03T16:50:00.000Z,1645,0,237,236,236.75
849022,1742860,872457,782837,9,5,4,4,70b3d5d72ffcc19f,LHi110,0,7,2025-06-03T17:10:00.000Z,2495,0,236.75,235.75,236.25
849022,1743244,872457,782837,9,5,4,4,70b3d5d72ffcc19f,LHi110,0,7,2025-06-03T17:20:00.000Z,2306,0,235.75,234.75,235
849022,1744008,872457,782870,9,7,2,2,70b3d5d72ffcc19f,LHi110,0,7,2025-06-03T17:50:00.000Z,1074,197,237,235.75,236.25
849022,1744177,872457,782870,9,2,1,1,70b3d5d72ffcc19f,LHi110,0,7,2025-06-03T18:00:00.000Z,1014,0,238,237,237.25
849022,1744734,872457,782870,9,2,1,1,70b3d5d72ffcc19f,LHi110,0,7,2025-06-03T18:30:00.000Z,1176,0,237,236.5,236.75
849022,1744914,872457,782870,9,1,1,1,70b3d5d72ffcc19f,LHi110,0,7,2025-06-03T18:40:00.000Z,1081,0,237,236.5,237
849022,1745125,872457,782870,9,2,2,2,70b3d5d72ffcc19f,LHi110,0,7,2025-06-03T18:50:00.000Z,1264,0,237.25,236.5,236.75
849022,1745125,872457,782870,9,2,2,2,70b3d5d72ffcc19f,LHi110,0,7,2025-06-03T18:50:00.000Z,1264,0,237.25,236.5,236.75
849022,1745339,872457,782870,9,3,2,2,70b3d5d72ffcc19f,LHi110,0,7,2025-06-03T19:00:00.000Z,1283,0,237,236.25,236.5
849022,1745535,872457,782870,9,2,1,1,70b3d5d72ffcc19f,LHi110,0,7,2025-06-03T19:10:00.000Z,1176,0,237.5,236.75,237
849022,1745672,872457,782870,9,1,1,1,70b3d5d72ffcc19f,LHi110,0,7,2025-06-03T19:20:00.000Z,822,0,236.5,236,236
849022,1745791,872457,782870,9,1,1,1,70b3d5d72ffcc19f,LHi110,0,7,2025-06-03T19:30:00.000Z,712,0,237.25,236.5,236.5
849022,1745868,872457,782870,9,3,1,1,70b3d5d72ffcc19f,LHi110,0,7,2025-06-03T19:40:00.000Z,459,0,237.25,236.75,236.75
849022,1745960,872457,782870,9,1,0,0,70b3d5d72ffcc19f,LHi110,0,7,2025-06-03T20:00:00.000Z,249,0,237.75,237,237
849022,1745990,872457,782870,9,1,0,0,70b3d5d72ffcc19f,LHi110,0,7,2025-06-03T20:10:00.000Z,182,0,237.75,237,237
849022,1746017,872457,782870,9,1,0,0,70b3d5d72ffcc19f,LHi110,0,7,2025-06-03T20:20:00.000Z,164,0,237.75,236.75,237
849022,1746030,872457,782870,9,3,0,0,70b3d5d72ffcc19f,LHi110,0,7,2025-06-03T20:30:00.000Z,78,1,237.25,236.25,236.75
849022,1746047,872457,782919,9,1,0,0,70b3d5d72ffcc19f,LHi110,0,7,2025-06-03T20:50:00.000Z,19,0,237,236,236.5
849022,1746048,872457,782935,9,1,1,0,70b3d5d72ffcc19f,LHi110,0,7,2025-06-03T21:00:00.000Z,1,93,237,236.25,236.5
849022,1746048,872457,782960,9,1,0,0,70b3d5d72ffcc19f,LHi110,0,7,2025-06-03T21:20:00.000Z,0,88,236.75,236,236
849022,1746048,872457,782973,9,1,0,0,70b3d5d72ffcc19f,LHi110,0,7,2025-06-03T21:30:00.000Z,0,77,236.5,235.75,236
849022,1746048,872457,782990,9,1,0,0,70b3d5d72ffcc19f,LHi110,0,7,2025-06-03T21:40:00.000Z,0,104,236.5,235.5,236
849022,1746048,872457,783061,9,1,0,0,70b3d5d72ffcc19f,LHi110,0,7,2025-06-03T22:10:00.000Z,0,128,239.75,238.75,239.25
849022,1746048,872457,783082,9,1,0,0,70b3d5d72ffcc19f,LHi110,0,7,2025-06-03T22:20:00.000Z,0,128,239.25,238.25,238.75
849022,1746048,872457,783104,9,1,0,0,70b3d5d72ffcc19f,LHi110,0,7,2025-06-03T22:30:00.000Z,0,129,239,238,238.75
849022,1746048,872457,783127,9,2,0,0,70b3d5d72ffcc19f,LHi110,0,7,2025-06-03T22:40:00.000Z,0,141,239.5,238.5,239.25
849022,1746048,872457,783155,9,1,0,0,70b3d5d72ffcc19f,LHi110,0,7,2025-06-03T22:50:00.000Z,0,164,240.25,239.25,240
849022,1746048,872457,783177,9,1,0,0,70b3d5d72ffcc19f,LHi110,0,7,2025-06-03T23:00:00.000Z,0,133,239,238,238.75
849022,1746048,872479,783177,9,1,0,0,70b3d5d72ffcc19f,LHi110,0,7,2025-06-03T23:10:00.000Z,0,132,236.25,235.5,236.25
849022,1746048,872479,783177,9,1,0,0,70b3d5d72ffcc19f,LHi110,0,7,2025-06-03T23:10:00.000Z,0,132,236.25,235.5,236.25
849022,1746048,872501,783177,9,1,0,0,70b3d5d72ffcc19f,LHi110,0,7,2025-06-03T23:20:00.000Z,0,132,237.25,236.25,237
849022,1746048,872574,783177,9,1,0,0,70b3d5d72ffcc19f,LHi110,0,7,2025-06-03T23:50:00.000Z,0,132,237,236.25,236.5
849022,1746048,872685,783177,9,9,0,0,70b3d5d72ffcc19f,LHi110,0,7,2025-06-04T00:00:00.000Z,0,663,236.5,236,236.25
849022,1746048,872709,783177,9,4,0,0,70b3d5d72ffcc19f,LHi110,0,7,2025-06-04T00:10:00.000Z,0,147,238,237.5,237.75
849022,1746048,872736,783177,9,1,0,0,70b3d5d72ffcc19f,LHi110,0,7,2025-06-04T00:20:00.000Z,0,158,237.75,237.25,237.5
849022,1746048,872808,783177,9,1,9,0,70b3d5d72ffcc19f,LHi110,0,7,2025-06-04T00:30:00.000Z,0,431,238.25,237.5,237.75
849022,1746048,872830,783177,9,1,0,0,70b3d5d72ffcc19f,LHi110,0,7,2025-06-04T00:40:00.000Z,0,132,238.25,238,238
849022,1746048,872852,783177,9,1,0,0,70b3d5d72ffcc19f,LHi110,0,7,2025-06-04T00:50:00.000Z,0,133,239.25,238.75,239
849022,1746048,872903,783177,9,1,0,0,70b3d5d72ffcc19f,LHi110,0,7,2025-06-04T01:10:00.000Z,0,133,239.25,239,239
849022,1746048,872925,783177,9,1,0,0,70b3d5d72ffcc19f,LHi110,0,7,2025-06-04T01:20:00.000Z,0,133,240,239.75,239.5
849022,1746048,872948,783177,9,1,0,0,70b3d5d72ffcc19f,LHi110,0,7,2025-06-04T01:30:00.000Z,0,133,240,239.75,239.5
849022,1746048,872999,783177,9,1,0,0,70b3d5d72ffcc19f,LHi110,0,7,2025-06-04T01:50:00.000Z,0,134,240.75,240.75,240.5
849022,1746048,873021,783177,9,1,0,0,70b3d5d72ffcc19f,LHi110,0,7,2025-06-04T02:00:00.000Z,0,134,239.25,239.25,239
849022,1746048,873044,783177,9,1,0,0,70b3d5d72ffcc19f,LHi110,0,7,2025-06-04T02:10:00.000Z,0,134,239,238.75,238.75
849022,1746048,873066,783177,9,1,0,0,70b3d5d72ffcc19f,LHi110,0,7,2025-06-04T02:20:00.000Z,0,134,239.25,239,239
849022,1746048,873095,783177,9,4,0,0,70b3d5d72ffcc19f,LHi110,0,7,2025-06-04T02:30:00.000Z,0,173,238.5,238.25,238.25
849022,1746048,873117,783177,9,1,0,0,70b3d5d72ffcc19f,LHi110,0,7,2025-06-04T02:40:00.000Z,0,133,238.5,238.25,238.25
849022,1746048,873162,783177,9,1,0,0,70b3d5d72ffcc19f,LHi110,0,7,2025-06-04T03:00:00.000Z,0,133,239,238.75,238.75
849022,1746048,873190,783177,9,2,0,0,70b3d5d72ffcc19f,LHi110,0,7,2025-06-04T03:10:00.000Z,0,169,238.75,238.5,238.25
849022,1746048,873213,783177,9,1,0,0,70b3d5d72ffcc19f,LHi110,0,7,2025-06-04T03:20:00.000Z,0,138,238.75,238.5,238.25
849022,1746048,873235,783177,9,1,0,0,70b3d5d72ffcc19f,LHi110,0,7,2025-06-04T03:30:00.000Z,0,133,238.75,238.5,238.5
849022,1746048,873235,783177,9,1,0,0,70b3d5d72ffcc19f,LHi110,0,7,2025-06-04T03:30:00.000Z,0,133,238.75,238.5,238.5
849022,1746048,873258,783177,9,1,0,0,70b3d5d72ffcc19f,LHi110,0,7,2025-06-04T03:40:00.000Z,0,134,238.75,238.5,238.5
849022,1746048,873280,783177,9,2,0,0,70b3d5d72ffcc19f,LHi110,0,7,2025-06-04T03:50:00.000Z,0,136,239.25,239,239
849022,1746048,873382,783177,9,1,9,0,70b3d5d72ffcc19f,LHi110,0,7,2025-06-04T04:10:00.000Z,0,432,240.25,240,240
849022,1746048,873404,783177,9,1,0,0,70b3d5d72ffcc19f,LHi110,0,7,2025-06-04T04:20:00.000Z,0,135,237.75,237.5,237.5
849022,1746048,873426,783177,9,1,0,0,70b3d5d72ffcc19f,LHi110,0,7,2025-06-04T04:30:00.000Z,0,134,235.75,235.25,235.25
849022,1746048,873453,783177,9,4,0,0,70b3d5d72ffcc19f,LHi110,0,7,2025-06-04T04:40:00.000Z,0,157,236.5,236.25,236.25
849022,1746048,873477,783177,9,1,0,0,70b3d5d72ffcc19f,LHi110,0,7,2025-06-04T04:50:00.000Z,0,148,237.5,237.25,237.25
849022,1746048,873499,783177,9,1,0,0,70b3d5d72ffcc19f,LHi110,0,7,2025-06-04T05:00:00.000Z,0,132,237.75,237.5,237.5
849022,1746048,873522,783177,9,1,0,0,70b3d5d72ffcc19f,LHi110,0,7,2025-06-04T05:10:00.000Z,0,137,237.75,237.5,237.25
849022,1746048,873545,783177,9,2,0,0,70b3d5d72ffcc19f,LHi110,0,7,2025-06-04T05:20:00.000Z,0,137,237.75,237.5,237.5
849022,1746048,873572,783177,9,1,0,0,70b3d5d72ffcc19f,LHi110,0,7,2025-06-04T05:30:00.000Z,0,161,237.75,237.75,237.75
849022,1746048,873594,783177,9,1,0,0,70b3d5d72ffcc19f,LHi110,0,7,2025-06-04T05:40:00.000Z,0,128,237.5,237.25,237.25
849022,1746048,873751,783177,9,14,0,0,70b3d5d72ffcc19f,LHi110,0,7,2025-06-04T06:10:00.000Z,0,688,237.25,237,237
849022,1746048,873772,783177,9,1,0,0,70b3d5d72ffcc19f,LHi110,0,7,2025-06-04T06:20:00.000Z,0,125,236.25,236,236
849022,1746048,873787,783177,9,1,0,0,70b3d5d72ffcc19f,LHi110,0,7,2025-06-04T06:30:00.000Z,0,89,236.25,236.25,236.25
849022,1746048,873797,783177,9,1,0,0,70b3d5d72ffcc19f,LHi110,0,7,2025-06-04T06:40:00.000Z,0,62,236.5,236.25,236
849023,1746048,873799,783177,9,1,0,0,70b3d5d72ffcc19f,LHi110,0,7,2025-06-04T06:50:00.000Z,9,5,235.75,235.5,235.5
849027,1746048,873803,783177,9,3,0,0,70b3d5d72ffcc19f,LHi110,0,7,2025-06-04T07:00:00.000Z,24,27,236,235.5,235.5
849027,1746146,873803,783177,9,1,1,1,70b3d5d72ffcc19f,LHi110,0,7,2025-06-04T07:30:00.000Z,329,0,238,237.5,237.5
849027,1746208,873803,783210,9,4,9,1,70b3d5d72ffcc19f,LHi110,0,7,2025-06-04T07:40:00.000Z,365,199,238.25,237.25,237.75
849027,1746276,873803,783219,9,1,8,1,70b3d5d72ffcc19f,LHi110,0,7,2025-06-04T07:50:00.000Z,409,57,240.5,239.5,240
849027,1746338,873803,783219,9,1,1,1,70b3d5d72ffcc19f,LHi110,0,7,2025-06-04T08:00:00.000Z,370,0,240.5,239.5,239.75
849027,1746338,873803,783219,9,1,1,1,70b3d5d72ffcc19f,LHi110,0,7,2025-06-04T08:00:00.000Z,370,0,240.5,239.5,239.75
849027,1746444,873803,783219,9,1,1,1,70b3d5d72ffcc19f,LHi110,0,7,2025-06-04T08:10:00.000Z,633,0,239,238,238.5
849027,1746671,873803,783219,9,4,1,1,70b3d5d72ffcc19f,LHi110,0,7,2025-06-04T08:30:00.000Z,732,0,239.5,238.5,239
849027,1746933,873803,783219,9,4,3,3,70b3d5d72ffcc19f,LHi110,0,7,2025-06-04T08:40:00.000Z,1571,0,239.25,238.25,238.75
849027,1747143,873803,783219,9,3,3,2,70b3d5d72ffcc19f,LHi110,0,7,2025-06-04T08:50:00.000Z,1262,0,238.75,237.75,238.25
849027,1747391,873803,783219,9,4,4,3,70b3d5d72ffcc19f,LHi110,0,7,2025-06-04T09:00:00.000Z,1485,0,237.75,237,237.5
849027,1747737,873803,783219,9,5,4,4,70b3d5d72ffcc19f,LHi110,0,7,2025-06-04T09:10:00.000Z,2077,0,238.25,237.25,238
849027,1748065,873803,783219,9,5,5,4,70b3d5d72ffcc19f,LHi110,0,7,2025-06-04T09:20:00.000Z,1969,0,237.5,236.75,237.25
849027,1748349,873803,783219,9,3,3,3,70b3d5d72ffcc19f,LHi110,0,7,2025-06-04T09:30:00.000Z,1704,0,236.25,235.5,236
849027,1748891,873803,783219,9,4,4,4,70b3d5d72ffcc19f,LHi110,0,7,2025-06-04T09:50:00.000Z,1721,0,237.5,236.75,237
849027,1749227,873803,783219,9,4,4,3,70b3d5d72ffcc19f,LHi110,0,7,2025-06-04T10:00:00.000Z,2015,0,236.75,236,236.25
849027,1749517,873803,783219,9,3,2,2,70b3d5d72ffcc19f,LHi110,0,7,2025-06-04T10:10:00.000Z,1741,0,235,234.5,234.75
849027,1750230,873803,783219,9,6,5,5,70b3d5d72ffcc19f,LHi110,0,7,2025-06-04T10:30:00.000Z,2321,0,235.25,234.25,234.5
849027,1750481,873803,783219,9,3,2,2,70b3d5d72ffcc19f,LHi110,0,7,2025-06-04T10:40:00.000Z,1503,0,235,234.25,234.5
849027,1750706,873803,783219,9,2,2,2,70b3d5d72ffcc19f,LHi110,0,7,2025-06-04T10:50:00.000Z,1352,0,236.5,235.75,235.75
849027,1750975,873803,783219,9,3,2,2,70b3d5d72ffcc19f,LHi110,0,7,2025-06-04T11:00:00.000Z,1615,0,237,236,236.5
849027,1751332,873803,783219,9,3,3,3,70b3d5d72ffcc19f,LHi110,0,7,2025-06-04T11:10:00.000Z,2143,0,237.5,236.25,236.75
849027,1751515,873803,783262,9,3,8,2,70b3d5d72ffcc19f,LHi110,0,7,2025-06-04T11:20:00.000Z,1095,256,236,234.5,235.25
849027,1751820,873803,783289,9,1,1,1,70b3d5d72ffcc19f,LHi110,0,7,2025-06-04T11:50:00.000Z,472,0,234.5,233.75,234
849027,1751960,873803,783289,9,1,1,1,70b3d5d72ffcc19f,LHi110,0,7,2025-06-04T12:00:00.000Z,835,0,236,235,235.25
849027,1752313,873803,783298,9,9,8,8,70b3d5d72ffcc19f,LHi110,0,7,2025-06-04T12:20:00.000Z,1468,50,230.25,230,229.5
849027,1752703,873803,783298,9,9,8,7,70b3d5d72ffcc19f,LHi110,0,7,2025-06-04T12:30:00.000Z,2338,0,227.75,226.5,226
849027,1753051,873803,783298,9,9,8,8,70b3d5d72ffcc19f,LHi110,0,7,2025-06-04T12:40:00.000Z,2091,0,229,227.75,227.5
849027,1753051,873803,783298,9,9,8,8,70b3d5d72ffcc19f,LHi110,0,7,2025-06-04T12:40:00.000Z,2091,0,229,227.75,227.5
849027,1753496,873803,783298,9,9,8,7,70b3d5d72ffcc19f,LHi110,0,7,2025-06-04T12:50:00.000Z,2672,0,230.25,229,228.75
849027,1753895,873803,783298,9,8,7,7,70b3d5d72ffcc19f,LHi110,0,7,2025-06-04T13:00:00.000Z,2387,0,230.5,229.5,229
849027,1754232,873803,783298,9,9,7,7,70b3d5d72ffcc19f,LHi110,0,7,2025-06-04T13:10:00.000Z,2022,0,232,231,231.25
849027,1754566,873803,783298,9,3,3,3,70b3d5d72ffcc19f,LHi110,0,7,2025-06-04T13:20:00.000Z,2007,0,235.25,234.25,234.75
849027,1754853,873803,783298,9,1,1,1,70b3d5d72ffcc19f,LHi110,0,7,2025-06-04T13:50:00.000Z,476,0,235.75,234.5,235.25
849027,1754928,873803,783298,9,1,1,1,70b3d5d72ffcc19f,LHi110,0,7,2025-06-04T14:00:00.000Z,451,0,236,234.5,235.5
849027,1755254,873803,783298,9,7,6,6,70b3d5d72ffcc19f,LHi110,0,7,2025-06-04T14:20:00.000Z,1429,0,232.5,231.75,231.75
849027,1756106,873803,783298,9,9,8,8,70b3d5d72ffcc19f,LHi110,0,7,2025-06-04T14:30:00.000Z,5111,0,232.75,231,231.25
849027,1756932,873803,783298,9,9,7,7,70b3d5d72ffcc19f,LHi110,0,7,2025-06-04T14:40:00.000Z,4958,0,232.75,231.25,231.5
849027,1758278,873803,783298,9,7,6,6,70b3d5d72ffcc19f,LHi110,0,7,2025-06-04T15:10:00.000Z,2036,0,233.75,232.75,232.5
849027,1758617,873803,783298,9,4,3,3,70b3d5d72ffcc19f,LHi110,0,7,2025-06-04T15:20:00.000Z,2038,0,234.25,233,233
849027,1759940,873803,783298,9,8,7,7,70b3d5d72ffcc19f,LHi110,0,7,2025-06-04T15:50:00.000Z,2819,0,234.25,233.25,233.25
849027,1760270,873803,783298,9,6,5,5,70b3d5d72ffcc19f,LHi110,0,7,2025-06-04T16:00:00.000Z,1976,0,235.25,234,234.25
849027,1760869,873803,783298,9,8,6,7,70b3d5d72ffcc19f,LHi110,0,7,2025-06-04T16:20:00.000Z,2090,0,231.75,230.5,230.75
849027,1761523,873803,783298,9,8,7,7,70b3d5d72ffcc19f,LHi110,0,7,2025-06-04T16:30:00.000Z,3927,0,233.5,231.75,232.25
849027,1761961,873803,783298,9,7,6,6,70b3d5d72ffcc19f,LHi110,0,7,2025-06-04T16:40:00.000Z,2625,0,232.5,231,231.75
849027,1762606,873803,783298,9,4,4,4,70b3d5d72ffcc19f,LHi110,0,7,2025-06-04T17:00:00.000Z,1611,0,232.75,231.5,232.25
849027,1762857,873803,783298,9,5,4,4,70b3d5d72ffcc19f,LHi110,0,7,2025-06-04T17:10:00.000Z,1502,0,235.75,234,235.25
849027,1762969,873803,783298,9,2,1,1,70b3d5d72ffcc19f,LHi110,0,7,2025-06-04T17:20:00.000Z,669,1,237,235.5,237
849027,1763141,873803,783298,9,2,2,2,70b3d5d72ffcc19f,LHi110,0,7,2025-06-04T17:30:00.000Z,1033,0,238.25,236.75,238
849027,1763141,873803,783298,9,2,2,2,70b3d5d72ffcc19f,LHi110,0,7,2025-06-04T17:30:00.000Z,1033,0,238.25,236.75,238
849027,1763634,873803,783298,9,7,5,6,70b3d5d72ffcc19f,LHi110,0,7,2025-06-04T17:40:00.000Z,2960,0,238,236.25,237.5
849027,1763832,873803,783298,9,3,3,3,70b3d5d72ffcc19f,LHi110,0,7,2025-06-04T17:50:00.000Z,1188,0,237.5,236.25,237.25
849027,1763999,873803,783298,9,3,1,1,70b3d5d72ffcc19f,LHi110,0,7,2025-06-04T18:00:00.000Z,998,0,239,238,238.75
849027,1764660,873803,783354,9,4,3,3,70b3d5d72ffcc19f,LHi110,0,7,2025-06-04T18:30:00.000Z,1717,0,240.75,239.25,240
849027,1764927,873803,783354,9,4,3,3,70b3d5d72ffcc19f,LHi110,0,7,2025-06-04T18:40:00.000Z,1597,0,240.25,238.5,239.5
849027,1765469,873803,783354,9,2,2,2,70b3d5d72ffcc19f,LHi110,0,7,2025-06-04T19:10:00.000Z,1300,0,237.75,237,237.5
849027,1765737,873803,783354,9,2,2,2,70b3d5d72ffcc19f,LHi110,0,7,2025-06-04T19:20:00.000Z,1608,0,238.5,237.5,238
849027,1765982,873803,783354,9,2,2,2,70b3d5d72ffcc19f,LHi110,0,7,2025-06-04T19:30:00.000Z,1468,0,238.75,237.75,238.25
849027,1766408,873803,783354,9,2,1,1,70b3d5d72ffcc19f,LHi110,0,7,2025-06-04T19:50:00.000Z,1135,0,236.75,236.25,236.25
849027,1766569,873803,783354,9,1,1,1,70b3d5d72ffcc19f,LHi110,0,7,2025-06-04T20:00:00.000Z,964,0,236.75,236,236
849027,1766703,873803,783354,9,3,1,1,70b3d5d72ffcc19f,LHi110,0,7,2025-06-04T20:10:00.000Z,805,0,237.25,236.25,236.25
849027,1766821,873803,783354,9,1,1,1,70b3d5d72ffcc19f,LHi110,0,7,2025-06-04T20:20:00.000Z,706,0,236.75,236,236
849027,1766901,873803,783354,9,1,1,1,70b3d5d72ffcc19f,LHi110,0,7,2025-06-04T20:30:00.000Z,483,0,236.75,236.25,236.25
849027,1766952,873803,783354,9,1,0,1,70b3d5d72ffcc19f,LHi110,0,7,2025-06-04T20:40:00.000Z,300,0,238.25,237.5,237.5
849027,1766996,873803,783354,9,1,0,1,70b3d5d72ffcc19f,LHi110,0,7,2025-06-04T20:50:00.000Z,267,0,238,236.75,237.5
849027,1767034,873803,783354,9,3,0,0,70b3d5d72ffcc19f,LHi110,0,7,2025-06-04T21:10:00.000Z,61,1,239.25,238,238.75
849027,1767044,873803,783354,9,1,0,0,70b3d5d72ffcc19f,LHi110,0,7,2025-06-04T21:20:00.000Z,54,0,238,237,237.75
849027,1767044,873803,783356,9,1,0,0,70b3d5d72ffcc19f,LHi110,0,7,2025-06-04T21:30:00.000Z,3,13,237.5,236.5,237.25
849027,1767044,873803,783443,9,1,9,0,70b3d5d72ffcc19f,LHi110,0,7,2025-06-04T21:50:00.000Z,0,441,237.25,236,237
849027,1767044,873803,783464,9,1,0,0,70b3d5d72ffcc19f,LHi110,0,7,2025-06-04T22:00:00.000Z,0,127,236.75,235.75,236.5
849027,1767044,873803,783464,9,1,0,0,70b3d5d72ffcc19f,LHi110,0,7,2025-06-04T22:00:00.000Z,0,127,236.75,235.75,236.5
849027,1767044,873803,783485,9,1,0,0,70b3d5d72ffcc19f,LHi110,0,7,2025-06-04T22:10:00.000Z,0,127,236.25,235.25,236
849027,1767044,873803,783507,9,1,0,0,70b3d5d72ffcc19f,LHi110,0,7,2025-06-04T22:20:00.000Z,0,127,236.25,235.5,236
849027,1767044,873803,783579,9,1,0,0,70b3d5d72ffcc19f,LHi110,0,7,2025-06-04T22:50:00.000Z,0,132,237,236.5,236.75
849027,1767044,873803,783601,9,1,0,0,70b3d5d72ffcc19f,LHi110,0,7,2025-06-04T23:00:00.000Z,0,132,237.75,237,237.5
849027,1767044,873876,783601,9,1,0,0,70b3d5d72ffcc19f,LHi110,0,7,2025-06-04T23:30:00.000Z,0,134,239.75,239,239.5
849027,1767044,873899,783601,9,1,0,0,70b3d5d72ffcc19f,LHi110,0,7,2025-06-04T23:40:00.000Z,0,134,237.75,237.25,237.5
849027,1767044,873948,783601,9,4,0,0,70b3d5d72ffcc19f,LHi110,0,7,2025-06-05T00:00:00.000Z,0,161,238.75,238.25,238.5
849027,1767044,873973,783601,9,1,0,0,70b3d5d72ffcc19f,LHi110,0,7,2025-06-05T00:10:00.000Z,0,149,239.5,239,239.25
849027,1767044,874082,783601,9,9,0,0,70b3d5d72ffcc19f,LHi110,0,7,2025-06-05T00:20:00.000Z,0,652,239.25,239,239.5
849027,1767044,874104,783601,9,1,0,0,70b3d5d72ffcc19f,LHi110,0,7,2025-06-05T00:30:00.000Z,0,134,239.5,239.25,239.5
849027,1767044,874156,783601,9,2,0,0,70b3d5d72ffcc19f,LHi110,0,7,2025-06-05T00:50:00.000Z,0,175,239.5,239,239.25
849027,1767044,874179,783601,9,1,0,0,70b3d5d72ffcc19f,LHi110,0,7,2025-06-05T01:00:00.000Z,0,135,239.75,239.5,240
849027,1767044,874250,783601,9,1,0,0,70b3d5d72ffcc19f,LHi110,0,7,2025-06-05T01:30:00.000Z,0,158,238.75,238,238.5
849027,1767044,874326,783601,9,1,9,0,70b3d5d72ffcc19f,LHi110,0,7,2025-06-05T01:40:00.000Z,0,456,238.75,238.25,238.75
849027,1767044,874371,783601,9,1,0,0,70b3d5d72ffcc19f,LHi110,0,7,2025-06-05T02:00:00.000Z,0,134,239.25,239,239.25
849027,1767044,874395,783601,9,5,0,0,70b3d5d72ffcc19f,LHi110,0,7,2025-06-05T02:10:00.000Z,0,143,238.75,238.5,238.75
849027,1767044,874422,783601,9,1,0,0,70b3d5d72ffcc19f,LHi110,0,7,2025-06-05T02:20:00.000Z,0,165,238.5,238.25,238.5
849027,1767044,874445,783601,9,1,0,0,70b3d5d72ffcc19f,LHi110,0,7,2025-06-05T02:30:00.000Z,0,133,238.25,238.25,238.25
849027,1767044,874489,783601,9,1,0,0,70b3d5d72ffcc19f,LHi110,0,7,2025-06-05T02:50:00.000Z,0,134,239,238.75,239
849027,1767044,874516,783601,9,4,0,0,70b3d5d72ffcc19f,LHi110,0,7,2025-06-05T03:00:00.000Z,0,160,239.25,239,239.25
849027,1767044,874516,783601,9,4,0,0,70b3d5d72ffcc19f,LHi110,0,7,2025-06-05T03:00:00.000Z,0,160,239.25,239,239.25
849027,1767044,874541,783601,9,1,0,0,70b3d5d72ffcc19f,LHi110,0,7,2025-06-05T03:10:00.000Z,0,150,239.25,239,239.25
849027,1767044,874563,783601,9,1,0,0,70b3d5d72ffcc19f,LHi110,0,7,2025-06-05T03:20:00.000Z,0,134,239.25,239.25,239.25
849027,1767044,874586,783601,9,1,0,0,70b3d5d72ffcc19f,LHi110,0,7,2025-06-05T03:30:00.000Z,0,134,239.5,239.5,239.5
849027,1767044,874637,783601,9,1,0,0,70b3d5d72ffcc19f,LHi110,0,7,2025-06-05T03:50:00.000Z,0,160,239.5,239.25,239.5
849027,1767044,874659,783601,9,1,0,0,70b3d5d72ffcc19f,LHi110,0,7,2025-06-05T04:00:00.000Z,0,134,239.25,239,239.25
849027,1767044,874704,783601,9,1,0,0,70b3d5d72ffcc19f,LHi110,0,7,2025-06-05T04:20:00.000Z,0,134,239.25,239,239
849027,1767044,874733,783601,9,4,0,0,70b3d5d72ffcc19f,LHi110,0,7,2025-06-05T04:30:00.000Z,0,169,239.25,238.75,239
849027,1767044,874756,783601,9,1,0,0,70b3d5d72ffcc19f,LHi110,0,7,2025-06-05T04:40:00.000Z,0,138,239,238.5,238.75
849027,1767044,874824,783601,9,4,0,0,70b3d5d72ffcc19f,LHi110,0,7,2025-06-05T05:10:00.000Z,0,144,238.5,238,238.5
849027,1767044,874899,783601,9,1,9,0,70b3d5d72ffcc19f,LHi110,0,7,2025-06-05T05:20:00.000Z,0,451,238.5,238.25,238.5
849027,1767044,874960,783601,9,1,0,0,70b3d5d72ffcc19f,LHi110,0,7,2025-06-05T05:50:00.000Z,0,110,239,238.5,238.5
849027,1767044,874974,783601,9,1,0,0,70b3d5d72ffcc19f,LHi110,0,7,2025-06-05T06:00:00.000Z,0,84,239,238.75,238.75
849034,1767044,874975,783601,9,1,0,0,70b3d5d72ffcc19f,LHi110,0,7,2025-06-05T06:20:00.000Z,26,0,239,239,238.5
849048,1767044,875057,783601,9,9,0,0,70b3d5d72ffcc19f,LHi110,0,7,2025-06-05T06:30:00.000Z,86,495,238.75,239,238.5
849080,1767044,875057,783601,9,4,0,1,70b3d5d72ffcc19f,LHi110,0,7,2025-06-05T06:40:00.000Z,187,0,238.5,238.25,238
849195,1767135,875057,783601,9,1,1,1,70b3d5d72ffcc19f,LHi110,0,7,2025-06-05T07:10:00.000Z,541,0,238.25,237.5,237.5
849195,1767232,875057,783601,9,1,1,1,70b3d5d72ffcc19f,LHi110,0,7,2025-06-05T07:20:00.000Z,581,0,238.25,237.5,237.5
849195,1767483,875057,783601,9,1,1,1,70b3d5d72ffcc19f,LHi110,0,7,2025-06-05T07:40:00.000Z,801,0,238.75,238,238.5
849195,1767581,875057,783601,9,1,1,1,70b3d5d72ffcc19f,LHi110,0,7,2025-06-05T07:50:00.000Z,588,0,238,237.25,237.5
849195,1767698,875057,783601,9,1,1,1,70b3d5d72ffcc19f,LHi110,0,7,2025-06-05T08:00:00.000Z,701,0,238.5,237.75,238
849195,1767967,875057,783601,9,1,1,1,70b3d5d72ffcc19f,LHi110,0,7,2025-06-05T08:20:00.000Z,893,0,238.25,237.5,237.75
849195,1767967,875057,783601,9,1,1,1,70b3d5d72ffcc19f,LHi110,0,7,2025-06-05T08:20:00.000Z,893,0,238.25,237.5,237.75
849195,1768156,875057,783601,9,2,2,1,70b3d5d72ffcc19f,LHi110,0,7,2025-06-05T08:30:00.000Z,1131,0,237.5,236.5,237
849195,1768524,875057,783616,9,3,7,2,70b3d5d72ffcc19f,LHi110,0,7,2025-06-05T08:50:00.000Z,1230,88,238.25,237.5,237.75
849195,1768816,875057,783623,9,4,7,3,70b3d5d72ffcc19f,LHi110,0,7,2025-06-05T09:00:00.000Z,1759,44,238.25,237.25,237.5
849195,1769551,875057,783623,9,5,4,4,70b3d5d72ffcc19f,LHi110,0,7,2025-06-05T09:20:00.000Z,2143,0,235.25,234.25,234.75
849195,1769902,875057,783623,9,4,3,3,70b3d5d72ffcc19f,LHi110,0,7,2025-06-05T09:30:00.000Z,2106,0,235.5,234.75,235
